probe,num_channels,duration,dtype,compressor,compressor_type,level,shuffle,chunk_dur,CR,C-speed,D-1s,D-10s,xRT,lsb,channel_chunk_size
Neuropixels2.0,384,732.2759,int16,blosc-lz4,blosc,low,no,0.1s,1.0,6.62,0.01,0.06,110.61569486404834,False,-1
Neuropixels2.0,384,732.2759,int16,blosc-lz4,blosc,low,shuffle,0.1s,1.217,4.95,0.01,0.05,147.93452525252525,False,-1
Neuropixels2.0,384,732.2759,int16,blosc-lz4,blosc,low,bit,0.1s,1.319,4.33,0.01,0.07,169.11683602771362,False,-1
Neuropixels2.0,384,732.2759,int16,blosc-lz4,blosc,low,no,1s,1.0,7.32,0.01,0.06,100.0376912568306,False,-1
Neuropixels2.0,384,732.2759,int16,blosc-lz4,blosc,low,shuffle,1s,1.218,6.42,0.01,0.04,114.06166666666668,False,-1
Neuropixels2.0,384,732.2759,int16,blosc-lz4,blosc,low,bit,1s,1.319,6.17,0.01,0.05,118.6832901134522,False,-1
Neuropixels2.0,384,732.2759,int16,blosc-lz4,blosc,low,no,10s,1.0,8.69,0.13,0.1,84.26650172612199,False,-1
Neuropixels2.0,384,732.2759,int16,blosc-lz4,blosc,low,shuffle,10s,1.218,6.52,0.09,0.07,112.312254601227,False,-1
Neuropixels2.0,384,732.2759,int16,blosc-lz4,blosc,low,bit,10s,1.319,5.94,0.09,0.08,123.27877104377104,False,-1
Neuropixels2.0,384,732.2759,int16,blosc-lz4,blosc,medium,no,0.1s,1.0,3.49,0.01,0.07,209.82117478510023,False,-1
Neuropixels2.0,384,732.2759,int16,blosc-lz4,blosc,medium,shuffle,0.1s,1.279,3.9,0.01,0.06,187.7630512820513,False,-1
Neuropixels2.0,384,732.2759,int16,blosc-lz4,blosc,medium,bit,0.1s,1.344,3.49,0.01,0.05,209.82117478510023,False,-1
Neuropixels2.0,384,732.2759,int16,blosc-lz4,blosc,medium,no,1s,1.0,7.11,0.01,0.04,102.99239099859352,False,-1
Neuropixels2.0,384,732.2759,int16,blosc-lz4,blosc,medium,shuffle,1s,1.281,6.83,0.01,0.04,107.21462664714494,False,-1
Neuropixels2.0,384,732.2759,int16,blosc-lz4,blosc,medium,bit,1s,1.345,5.59,0.01,0.04,130.99747763864042,False,-1
Neuropixels2.0,384,732.2759,int16,blosc-lz4,blosc,medium,no,10s,1.0,6.96,0.37,0.37,105.21205459770114,False,-1
Neuropixels2.0,384,732.2759,int16,blosc-lz4,blosc,medium,shuffle,10s,1.281,8.14,0.1,0.09,89.96018427518426,False,-1
Neuropixels2.0,384,732.2759,int16,blosc-lz4,blosc,medium,bit,10s,1.345,6.6,0.11,0.1,110.95089393939394,False,-1
Neuropixels2.0,384,732.2759,int16,blosc-lz4,blosc,high,no,0.1s,1.0,7.4,0.18,0.22,98.9562027027027,False,-1
Neuropixels2.0,384,732.2759,int16,blosc-lz4,blosc,high,shuffle,0.1s,1.351,5.64,0.01,0.06,129.8361524822695,False,-1
Neuropixels2.0,384,732.2759,int16,blosc-lz4,blosc,high,bit,0.1s,1.372,4.88,0.02,0.07,150.0565368852459,False,-1
Neuropixels2.0,384,732.2759,int16,blosc-lz4,blosc,high,no,1s,1.0,7.46,0.01,0.04,98.16030831099197,False,-1
Neuropixels2.0,384,732.2759,int16,blosc-lz4,blosc,high,shuffle,1s,1.353,6.28,0.01,0.04,116.60444267515923,False,-1
Neuropixels2.0,384,732.2759,int16,blosc-lz4,blosc,high,bit,1s,1.372,5.66,0.01,0.05,129.37736749116607,False,-1
Neuropixels2.0,384,732.2759,int16,blosc-lz4,blosc,high,no,10s,1.0,9.56,0.51,0.45,76.59789748953975,False,-1
Neuropixels2.0,384,732.2759,int16,blosc-lz4,blosc,high,shuffle,10s,1.353,10.12,0.1,0.09,72.35927865612649,False,-1
Neuropixels2.0,384,732.2759,int16,blosc-lz4,blosc,high,bit,10s,1.372,8.81,0.09,0.08,83.11871736662883,False,-1
Neuropixels2.0,384,732.2759,int16,blosc-lz4hc,blosc,low,no,0.1s,1.007,25.6,0.02,0.21,28.60452734375,False,-1
Neuropixels2.0,384,732.2759,int16,blosc-lz4hc,blosc,low,shuffle,0.1s,1.409,22.75,0.01,0.06,32.18795164835165,False,-1
Neuropixels2.0,384,732.2759,int16,blosc-lz4hc,blosc,low,bit,0.1s,1.401,20.81,0.04,0.07,35.1886544930322,False,-1
Neuropixels2.0,384,732.2759,int16,blosc-lz4hc,blosc,low,no,1s,1.007,24.92,0.01,0.09,29.38506821829856,False,-1
Neuropixels2.0,384,732.2759,int16,blosc-lz4hc,blosc,low,shuffle,1s,1.41,23.72,0.01,0.09,30.8716652613828,False,-1
Neuropixels2.0,384,732.2759,int16,blosc-lz4hc,blosc,low,bit,1s,1.401,20.56,0.01,0.07,35.61653210116732,False,-1
Neuropixels2.0,384,732.2759,int16,blosc-lz4hc,blosc,low,no,10s,1.007,27.21,0.14,0.21,26.91201396545388,False,-1
Neuropixels2.0,384,732.2759,int16,blosc-lz4hc,blosc,low,shuffle,10s,1.41,23.58,0.1,0.08,31.054957591178965,False,-1
Neuropixels2.0,384,732.2759,int16,blosc-lz4hc,blosc,low,bit,10s,1.401,17.54,0.08,0.07,41.748911060433294,False,-1
Neuropixels2.0,384,732.2759,int16,blosc-lz4hc,blosc,medium,no,0.1s,1.032,30.27,0.01,0.06,24.191473406012552,False,-1
Neuropixels2.0,384,732.2759,int16,blosc-lz4hc,blosc,medium,shuffle,0.1s,1.479,29.14,0.01,0.11,25.129577899794096,False,-1
Neuropixels2.0,384,732.2759,int16,blosc-lz4hc,blosc,medium,bit,0.1s,1.423,22.43,0.01,0.06,32.64716451181453,False,-1
Neuropixels2.0,384,732.2759,int16,blosc-lz4hc,blosc,medium,no,1s,1.033,27.78,0.01,0.1,26.35982361411087,False,-1
Neuropixels2.0,384,732.2759,int16,blosc-lz4hc,blosc,medium,shuffle,1s,1.48,42.85,0.01,0.08,17.089285880980164,False,-1
Neuropixels2.0,384,732.2759,int16,blosc-lz4hc,blosc,medium,bit,1s,1.423,34.27,0.01,0.09,21.367840676976947,False,-1
Neuropixels2.0,384,732.2759,int16,blosc-lz4hc,blosc,medium,no,10s,1.032,45.61,0.13,0.12,16.055161148870862,False,-1
Neuropixels2.0,384,732.2759,int16,blosc-lz4hc,blosc,medium,shuffle,10s,1.48,45.03,0.1,0.09,16.261956473462135,False,-1
Neuropixels2.0,384,732.2759,int16,blosc-lz4hc,blosc,medium,bit,10s,1.423,36.82,0.15,0.14,19.887992938620314,False,-1
Neuropixels2.0,384,732.2759,int16,blosc-lz4hc,blosc,high,no,0.1s,1.032,43.86,0.09,0.22,16.695756953944368,False,-1
Neuropixels2.0,384,732.2759,int16,blosc-lz4hc,blosc,high,shuffle,0.1s,1.482,49.79,0.03,0.16,14.70728861217112,False,-1
Neuropixels2.0,384,732.2759,int16,blosc-lz4hc,blosc,high,bit,0.1s,1.424,41.04,0.04,0.18,17.842980019493176,False,-1
Neuropixels2.0,384,732.2759,int16,blosc-lz4hc,blosc,high,no,1s,1.033,42.34,0.01,0.11,17.295132262635803,False,-1
Neuropixels2.0,384,732.2759,int16,blosc-lz4hc,blosc,high,shuffle,1s,1.483,43.02,0.01,0.07,17.021754997675497,False,-1
Neuropixels2.0,384,732.2759,int16,blosc-lz4hc,blosc,high,bit,1s,1.425,30.28,0.01,0.09,24.18348414795244,False,-1
Neuropixels2.0,384,732.2759,int16,blosc-lz4hc,blosc,high,no,10s,1.032,31.66,0.12,0.11,23.12937144662034,False,-1
Neuropixels2.0,384,732.2759,int16,blosc-lz4hc,blosc,high,shuffle,10s,1.483,39.27,0.08,0.07,18.64720906544436,False,-1
Neuropixels2.0,384,732.2759,int16,blosc-lz4hc,blosc,high,bit,10s,1.425,38.15,0.1,0.09,19.1946500655308,False,-1
Neuropixels2.0,384,732.2759,int16,blosc-zlib,blosc,low,no,0.1s,1.205,27.72,0.02,0.2,26.41687950937951,False,-1
Neuropixels2.0,384,732.2759,int16,blosc-zlib,blosc,low,shuffle,0.1s,1.458,20.38,0.21,0.25,35.9311040235525,False,-1
Neuropixels2.0,384,732.2759,int16,blosc-zlib,blosc,low,bit,0.1s,1.414,19.09,0.01,0.11,38.35913567312729,False,-1
Neuropixels2.0,384,732.2759,int16,blosc-zlib,blosc,low,no,1s,1.205,28.3,0.02,0.16,25.87547349823321,False,-1
Neuropixels2.0,384,732.2759,int16,blosc-zlib,blosc,low,shuffle,1s,1.459,20.15,0.02,0.13,36.34123573200993,False,-1
Neuropixels2.0,384,732.2759,int16,blosc-zlib,blosc,low,bit,1s,1.415,19.53,0.01,0.09,37.49492575524833,False,-1
Neuropixels2.0,384,732.2759,int16,blosc-zlib,blosc,low,no,10s,1.205,30.95,0.2,0.19,23.659964458804524,False,-1
Neuropixels2.0,384,732.2759,int16,blosc-zlib,blosc,low,shuffle,10s,1.459,21.77,0.14,0.13,33.63692696371153,False,-1
Neuropixels2.0,384,732.2759,int16,blosc-zlib,blosc,low,bit,10s,1.415,21.28,0.11,0.09,34.41146146616541,False,-1
Neuropixels2.0,384,732.2759,int16,blosc-zlib,blosc,medium,no,0.1s,1.202,51.32,0.03,0.26,14.268821122369449,False,-1
Neuropixels2.0,384,732.2759,int16,blosc-zlib,blosc,medium,shuffle,0.1s,1.573,41.37,0.02,0.17,17.700650229635002,False,-1
Neuropixels2.0,384,732.2759,int16,blosc-zlib,blosc,medium,bit,0.1s,1.42,38.19,0.01,0.13,19.174545692589685,False,-1
Neuropixels2.0,384,732.2759,int16,blosc-zlib,blosc,medium,no,1s,1.202,52.03,0.02,0.17,14.074109167787814,False,-1
Neuropixels2.0,384,732.2759,int16,blosc-zlib,blosc,medium,shuffle,1s,1.575,41.75,0.02,0.11,17.53954251497006,False,-1
Neuropixels2.0,384,732.2759,int16,blosc-zlib,blosc,medium,bit,1s,1.417,38.68,0.01,0.09,18.931641675284386,False,-1
Neuropixels2.0,384,732.2759,int16,blosc-zlib,blosc,medium,no,10s,1.202,56.61,0.21,0.18,12.935451333686627,False,-1
Neuropixels2.0,384,732.2759,int16,blosc-zlib,blosc,medium,shuffle,10s,1.575,45.3,0.14,0.13,16.165030905077263,False,-1
Neuropixels2.0,384,732.2759,int16,blosc-zlib,blosc,medium,bit,10s,1.416,42.82,0.11,0.1,17.10125875758991,False,-1
Neuropixels2.0,384,732.2759,int16,blosc-zlib,blosc,high,no,0.1s,1.202,51.43,0.03,0.26,14.238302547151468,False,-1
Neuropixels2.0,384,732.2759,int16,blosc-zlib,blosc,high,shuffle,0.1s,1.575,50.8,0.02,0.16,14.414879921259844,False,-1
Neuropixels2.0,384,732.2759,int16,blosc-zlib,blosc,high,bit,0.1s,1.423,75.73,0.01,0.11,9.669561600422552,False,-1
Neuropixels2.0,384,732.2759,int16,blosc-zlib,blosc,high,no,1s,1.202,52.23,0.02,0.17,14.020216350756272,False,-1
Neuropixels2.0,384,732.2759,int16,blosc-zlib,blosc,high,shuffle,1s,1.577,51.88,0.02,0.11,14.114801464919044,False,-1
Neuropixels2.0,384,732.2759,int16,blosc-zlib,blosc,high,bit,1s,1.42,78.57,0.01,0.09,9.320044546264478,False,-1
Neuropixels2.0,384,732.2759,int16,blosc-zlib,blosc,high,no,10s,1.202,56.51,0.19,0.18,12.95834188639179,False,-1
Neuropixels2.0,384,732.2759,int16,blosc-zlib,blosc,high,shuffle,10s,1.577,55.79,0.14,0.13,13.125576268148414,False,-1
Neuropixels2.0,384,732.2759,int16,blosc-zlib,blosc,high,bit,10s,1.418,85.66,0.11,0.11,8.548632967546112,False,-1
Neuropixels2.0,384,732.2759,int16,blosc-zstd,blosc,low,no,0.1s,1.159,4.3,0.01,0.08,170.29672093023257,False,-1
Neuropixels2.0,384,732.2759,int16,blosc-zstd,blosc,low,shuffle,0.1s,1.322,5.29,0.01,0.09,138.42644612476371,False,-1
Neuropixels2.0,384,732.2759,int16,blosc-zstd,blosc,low,bit,0.1s,1.243,4.5,0.01,0.06,162.72797777777777,False,-1
Neuropixels2.0,384,732.2759,int16,blosc-zstd,blosc,low,no,1s,1.159,5.87,0.01,0.07,124.74887563884155,False,-1
Neuropixels2.0,384,732.2759,int16,blosc-zstd,blosc,low,shuffle,1s,1.322,6.12,0.01,0.07,119.6529248366013,False,-1
Neuropixels2.0,384,732.2759,int16,blosc-zstd,blosc,low,bit,1s,1.242,5.58,0.01,0.05,131.23224014336918,False,-1
Neuropixels2.0,384,732.2759,int16,blosc-zstd,blosc,low,no,10s,1.159,6.34,0.11,0.1,115.50093059936908,False,-1
Neuropixels2.0,384,732.2759,int16,blosc-zstd,blosc,low,shuffle,10s,1.322,6.83,0.11,0.11,107.21462664714494,False,-1
Neuropixels2.0,384,732.2759,int16,blosc-zstd,blosc,low,bit,10s,1.242,6.56,0.09,0.08,111.6274237804878,False,-1
Neuropixels2.0,384,732.2759,int16,blosc-zstd,blosc,medium,no,0.1s,1.213,34.82,0.01,0.1,21.030324526134404,False,-1
Neuropixels2.0,384,732.2759,int16,blosc-zstd,blosc,medium,shuffle,0.1s,1.587,32.22,0.01,0.07,22.727371198013657,False,-1
Neuropixels2.0,384,732.2759,int16,blosc-zstd,blosc,medium,bit,0.1s,1.461,19.54,0.01,0.07,37.47573694984647,False,-1
Neuropixels2.0,384,732.2759,int16,blosc-zstd,blosc,medium,no,1s,1.214,33.59,0.01,0.07,21.800413813635007,False,-1
Neuropixels2.0,384,732.2759,int16,blosc-zstd,blosc,medium,shuffle,1s,1.589,31.8,0.01,0.05,23.02754402515723,False,-1
Neuropixels2.0,384,732.2759,int16,blosc-zstd,blosc,medium,bit,1s,1.462,20.22,0.01,0.05,36.2154253214639,False,-1
Neuropixels2.0,384,732.2759,int16,blosc-zstd,blosc,medium,no,10s,1.214,36.03,0.13,0.1,20.324060505134607,False,-1
Neuropixels2.0,384,732.2759,int16,blosc-zstd,blosc,medium,shuffle,10s,1.589,35.07,0.09,0.07,20.88040775591674,False,-1
Neuropixels2.0,384,732.2759,int16,blosc-zstd,blosc,medium,bit,10s,1.462,21.23,0.08,0.07,34.49250588789449,False,-1
Neuropixels2.0,384,732.2759,int16,blosc-zstd,blosc,high,no,0.1s,1.224,214.15,0.02,0.23,3.419453187018445,False,-1
Neuropixels2.0,384,732.2759,int16,blosc-zstd,blosc,high,shuffle,0.1s,1.661,199.19,0.03,0.26,3.676268386967217,False,-1
Neuropixels2.0,384,732.2759,int16,blosc-zstd,blosc,high,bit,0.1s,1.506,130.0,0.01,0.1,5.632891538461538,False,-1
Neuropixels2.0,384,732.2759,int16,blosc-zstd,blosc,high,no,1s,1.225,231.66,0.01,0.08,3.1609941293274626,False,-1
Neuropixels2.0,384,732.2759,int16,blosc-zstd,blosc,high,shuffle,1s,1.663,188.18,0.01,0.07,3.8913588053990855,False,-1
Neuropixels2.0,384,732.2759,int16,blosc-zstd,blosc,high,bit,1s,1.507,121.52,0.01,0.07,6.025970210664911,False,-1
Neuropixels2.0,384,732.2759,int16,blosc-zstd,blosc,high,no,10s,1.225,218.67,0.14,0.1,3.348771665066081,False,-1
Neuropixels2.0,384,732.2759,int16,blosc-zstd,blosc,high,shuffle,10s,1.663,198.97,0.11,0.1,3.680333216062723,False,-1
Neuropixels2.0,384,732.2759,int16,blosc-zstd,blosc,high,bit,10s,1.507,125.9,0.1,0.08,5.816329626687847,False,-1
Neuropixels1.0,384,770.4136,int16,blosc-lz4,blosc,low,no,0.1s,1.0,7.34,0.78,0.61,104.96098092643052,False,-1
Neuropixels1.0,384,770.4136,int16,blosc-lz4,blosc,low,shuffle,0.1s,1.433,3.54,0.01,0.06,217.6309604519774,False,-1
Neuropixels1.0,384,770.4136,int16,blosc-lz4,blosc,low,bit,0.1s,1.669,3.32,0.01,0.05,232.0522891566265,False,-1
Neuropixels1.0,384,770.4136,int16,blosc-lz4,blosc,low,no,1s,1.0,7.64,0.01,0.05,100.83947643979056,False,-1
Neuropixels1.0,384,770.4136,int16,blosc-lz4,blosc,low,shuffle,1s,1.433,5.18,0.01,0.04,148.7284942084942,False,-1
Neuropixels1.0,384,770.4136,int16,blosc-lz4,blosc,low,bit,1s,1.669,4.94,0.01,0.04,155.95417004048582,False,-1
Neuropixels1.0,384,770.4136,int16,blosc-lz4,blosc,low,no,10s,1.0,10.58,0.12,0.1,72.81792060491493,False,-1
Neuropixels1.0,384,770.4136,int16,blosc-lz4,blosc,low,shuffle,10s,1.432,5.68,0.09,0.07,135.6361971830986,False,-1
Neuropixels1.0,384,770.4136,int16,blosc-lz4,blosc,low,bit,10s,1.669,5.0,0.07,0.06,154.08272,False,-1
Neuropixels1.0,384,770.4136,int16,blosc-lz4,blosc,medium,no,0.1s,1.0,3.56,0.01,0.07,216.4083146067416,False,-1
Neuropixels1.0,384,770.4136,int16,blosc-lz4,blosc,medium,shuffle,0.1s,1.486,3.42,0.01,0.06,225.267134502924,False,-1
Neuropixels1.0,384,770.4136,int16,blosc-lz4,blosc,medium,bit,0.1s,1.709,3.4,0.01,0.06,226.59223529411764,False,-1
Neuropixels1.0,384,770.4136,int16,blosc-lz4,blosc,medium,no,1s,1.0,6.11,0.01,0.05,126.0906055646481,False,-1
Neuropixels1.0,384,770.4136,int16,blosc-lz4,blosc,medium,shuffle,1s,1.486,5.2,0.01,0.04,148.15646153846154,False,-1
Neuropixels1.0,384,770.4136,int16,blosc-lz4,blosc,medium,bit,1s,1.709,4.54,0.01,0.04,169.6946255506608,False,-1
Neuropixels1.0,384,770.4136,int16,blosc-lz4,blosc,medium,no,10s,1.0,6.61,0.1,0.09,116.5527382753404,False,-1
Neuropixels1.0,384,770.4136,int16,blosc-lz4,blosc,medium,shuffle,10s,1.486,5.45,0.08,0.07,141.36029357798165,False,-1
Neuropixels1.0,384,770.4136,int16,blosc-lz4,blosc,medium,bit,10s,1.709,4.91,0.07,0.06,156.90704684317717,False,-1
Neuropixels1.0,384,770.4136,int16,blosc-lz4,blosc,high,no,0.1s,1.009,6.69,0.01,0.04,115.15898355754857,False,-1
Neuropixels1.0,384,770.4136,int16,blosc-lz4,blosc,high,shuffle,0.1s,1.487,3.96,0.01,0.06,194.54888888888888,False,-1
Neuropixels1.0,384,770.4136,int16,blosc-lz4,blosc,high,bit,0.1s,1.758,3.36,0.01,0.06,229.28976190476192,False,-1
Neuropixels1.0,384,770.4136,int16,blosc-lz4,blosc,high,no,1s,1.009,11.02,0.01,0.05,69.91049001814882,False,-1
Neuropixels1.0,384,770.4136,int16,blosc-lz4,blosc,high,shuffle,1s,1.488,4.95,0.01,0.04,155.6391111111111,False,-1
Neuropixels1.0,384,770.4136,int16,blosc-lz4,blosc,high,bit,1s,1.754,4.57,0.01,0.05,168.58065645514222,False,-1
Neuropixels1.0,384,770.4136,int16,blosc-lz4,blosc,high,no,10s,1.009,6.73,0.1,0.09,114.47453194650816,False,-1
Neuropixels1.0,384,770.4136,int16,blosc-lz4,blosc,high,shuffle,10s,1.488,5.32,0.08,0.08,144.8145864661654,False,-1
Neuropixels1.0,384,770.4136,int16,blosc-lz4,blosc,high,bit,10s,1.754,5.77,0.08,0.07,133.52055459272097,False,-1
Neuropixels1.0,384,770.4136,int16,blosc-lz4hc,blosc,low,no,0.1s,1.087,17.95,0.01,0.07,42.91997771587744,False,-1
Neuropixels1.0,384,770.4136,int16,blosc-lz4hc,blosc,low,shuffle,0.1s,1.537,15.09,0.01,0.06,51.05457919151756,False,-1
Neuropixels1.0,384,770.4136,int16,blosc-lz4hc,blosc,low,bit,0.1s,1.847,11.25,0.01,0.05,68.48120888888889,False,-1
Neuropixels1.0,384,770.4136,int16,blosc-lz4hc,blosc,low,no,1s,1.087,18.43,0.01,0.05,41.802148670645686,False,-1
Neuropixels1.0,384,770.4136,int16,blosc-lz4hc,blosc,low,shuffle,1s,1.537,15.38,0.01,0.04,50.09191157347204,False,-1
Neuropixels1.0,384,770.4136,int16,blosc-lz4hc,blosc,low,bit,1s,1.847,11.22,0.01,0.04,68.66431372549019,False,-1
Neuropixels1.0,384,770.4136,int16,blosc-lz4hc,blosc,low,no,10s,1.087,20.25,0.1,0.09,38.04511604938271,False,-1
Neuropixels1.0,384,770.4136,int16,blosc-lz4hc,blosc,low,shuffle,10s,1.537,16.79,0.08,0.07,45.88526503871352,False,-1
Neuropixels1.0,384,770.4136,int16,blosc-lz4hc,blosc,low,bit,10s,1.847,12.57,0.07,0.06,61.28986475735879,False,-1
Neuropixels1.0,384,770.4136,int16,blosc-lz4hc,blosc,medium,no,0.1s,1.183,31.44,0.01,0.06,24.50424936386768,False,-1
Neuropixels1.0,384,770.4136,int16,blosc-lz4hc,blosc,medium,shuffle,0.1s,1.623,31.98,0.01,0.05,24.09048155096936,False,-1
Neuropixels1.0,384,770.4136,int16,blosc-lz4hc,blosc,medium,bit,0.1s,1.906,19.25,0.01,0.05,40.02148571428571,False,-1
Neuropixels1.0,384,770.4136,int16,blosc-lz4hc,blosc,medium,no,1s,1.184,30.27,0.01,0.05,25.451390815989427,False,-1
Neuropixels1.0,384,770.4136,int16,blosc-lz4hc,blosc,medium,shuffle,1s,1.623,32.58,0.01,0.04,23.6468262737876,False,-1
Neuropixels1.0,384,770.4136,int16,blosc-lz4hc,blosc,medium,bit,1s,1.906,19.43,0.01,0.04,39.65072568193515,False,-1
Neuropixels1.0,384,770.4136,int16,blosc-lz4hc,blosc,medium,no,10s,1.184,32.19,0.09,0.08,23.93332090711401,False,-1
Neuropixels1.0,384,770.4136,int16,blosc-lz4hc,blosc,medium,shuffle,10s,1.623,34.38,0.07,0.07,22.40877254217568,False,-1
Neuropixels1.0,384,770.4136,int16,blosc-lz4hc,blosc,medium,bit,10s,1.905,21.14,0.08,0.06,36.44340586565752,False,-1
Neuropixels1.0,384,770.4136,int16,blosc-lz4hc,blosc,high,no,0.1s,1.183,30.37,0.01,0.06,25.3675864339809,False,-1
Neuropixels1.0,384,770.4136,int16,blosc-lz4hc,blosc,high,shuffle,0.1s,1.683,160.44,0.01,0.05,4.801879830466218,False,-1
Neuropixels1.0,384,770.4136,int16,blosc-lz4hc,blosc,high,bit,0.1s,1.91,30.71,0.01,0.05,25.08673396287854,False,-1
Neuropixels1.0,384,770.4136,int16,blosc-lz4hc,blosc,high,no,1s,1.184,30.46,0.01,0.05,25.29263296126067,False,-1
Neuropixels1.0,384,770.4136,int16,blosc-lz4hc,blosc,high,shuffle,1s,1.683,161.95,0.01,0.04,4.757107749305342,False,-1
Neuropixels1.0,384,770.4136,int16,blosc-lz4hc,blosc,high,bit,1s,1.91,31.14,0.01,0.05,24.74032113037893,False,-1
Neuropixels1.0,384,770.4136,int16,blosc-lz4hc,blosc,high,no,10s,1.184,31.61,0.09,0.08,24.37246440999684,False,-1
Neuropixels1.0,384,770.4136,int16,blosc-lz4hc,blosc,high,shuffle,10s,1.683,167.42,0.07,0.06,4.601681997371879,False,-1
Neuropixels1.0,384,770.4136,int16,blosc-lz4hc,blosc,high,bit,10s,1.909,32.54,0.07,0.06,23.675894283958204,False,-1
Neuropixels1.0,384,770.4136,int16,blosc-zlib,blosc,low,no,0.1s,1.432,23.39,0.02,0.17,32.93773407439076,False,-1
Neuropixels1.0,384,770.4136,int16,blosc-zlib,blosc,low,shuffle,0.1s,1.685,18.8,0.01,0.12,40.97944680851064,False,-1
Neuropixels1.0,384,770.4136,int16,blosc-zlib,blosc,low,bit,0.1s,1.875,17.61,0.01,0.12,43.74864281658149,False,-1
Neuropixels1.0,384,770.4136,int16,blosc-zlib,blosc,low,no,1s,1.432,24.01,0.02,0.14,32.08719700124948,False,-1
Neuropixels1.0,384,770.4136,int16,blosc-zlib,blosc,low,shuffle,1s,1.686,18.85,0.01,0.1,40.87074801061007,False,-1
Neuropixels1.0,384,770.4136,int16,blosc-zlib,blosc,low,bit,1s,1.876,17.72,0.01,0.11,43.47706546275395,False,-1
Neuropixels1.0,384,770.4136,int16,blosc-zlib,blosc,low,no,10s,1.432,25.26,0.17,0.16,30.49935075217736,False,-1
Neuropixels1.0,384,770.4136,int16,blosc-zlib,blosc,low,shuffle,10s,1.686,20.55,0.14,0.12,37.48971289537712,False,-1
Neuropixels1.0,384,770.4136,int16,blosc-zlib,blosc,low,bit,10s,1.875,19.59,0.12,0.11,39.32688106176621,False,-1
Neuropixels1.0,384,770.4136,int16,blosc-zlib,blosc,medium,no,0.1s,1.471,61.96,0.02,0.21,12.434047772756616,False,-1
Neuropixels1.0,384,770.4136,int16,blosc-zlib,blosc,medium,shuffle,0.1s,1.754,42.76,0.02,0.15,18.01715622076708,False,-1
Neuropixels1.0,384,770.4136,int16,blosc-zlib,blosc,medium,bit,0.1s,1.47,49.29,0.02,0.17,15.630221140190708,False,-1
Neuropixels1.0,384,770.4136,int16,blosc-zlib,blosc,medium,no,1s,1.471,63.13,0.02,0.15,12.203605258989386,False,-1
Neuropixels1.0,384,770.4136,int16,blosc-zlib,blosc,medium,shuffle,1s,1.755,43.06,0.01,0.1,17.89163028332559,False,-1
Neuropixels1.0,384,770.4136,int16,blosc-zlib,blosc,medium,bit,1s,1.442,50.48,0.02,0.12,15.26175911251981,False,-1
Neuropixels1.0,384,770.4136,int16,blosc-zlib,blosc,medium,no,10s,1.471,65.25,0.19,0.18,11.807104980842912,False,-1
Neuropixels1.0,384,770.4136,int16,blosc-zlib,blosc,medium,shuffle,10s,1.755,45.22,0.14,0.13,17.03701017249005,False,-1
Neuropixels1.0,384,770.4136,int16,blosc-zlib,blosc,medium,bit,10s,1.434,52.74,0.15,0.14,14.6077664012135,False,-1
Neuropixels1.0,384,770.4136,int16,blosc-zlib,blosc,high,no,0.1s,1.473,69.17,0.02,0.23,11.137973109729652,False,-1
Neuropixels1.0,384,770.4136,int16,blosc-zlib,blosc,high,shuffle,0.1s,1.773,659.17,0.02,0.13,1.1687631415264652,False,-1
Neuropixels1.0,384,770.4136,int16,blosc-zlib,blosc,high,bit,0.1s,1.485,349.49,0.02,0.17,2.204393831010901,False,-1
Neuropixels1.0,384,770.4136,int16,blosc-zlib,blosc,high,no,1s,1.473,69.77,0.02,0.16,11.042190053031389,False,-1
Neuropixels1.0,384,770.4136,int16,blosc-zlib,blosc,high,shuffle,1s,1.774,664.73,0.01,0.1,1.158987257984445,False,-1
Neuropixels1.0,384,770.4136,int16,blosc-zlib,blosc,high,bit,1s,1.457,370.86,0.02,0.13,2.0773704362832333,False,-1
Neuropixels1.0,384,770.4136,int16,blosc-zlib,blosc,high,no,10s,1.473,72.26,0.18,0.16,10.661688347633543,False,-1
Neuropixels1.0,384,770.4136,int16,blosc-zlib,blosc,high,shuffle,10s,1.774,691.49,0.12,0.11,1.114135562336404,False,-1
Neuropixels1.0,384,770.4136,int16,blosc-zlib,blosc,high,bit,10s,1.448,389.55,0.16,0.13,1.9777014503914767,False,-1
Neuropixels1.0,384,770.4136,int16,blosc-zstd,blosc,low,no,0.1s,1.405,5.02,0.01,0.08,153.46884462151394,False,-1
Neuropixels1.0,384,770.4136,int16,blosc-zstd,blosc,low,shuffle,0.1s,1.668,5.21,0.02,0.09,147.87209213051824,False,-1
Neuropixels1.0,384,770.4136,int16,blosc-zstd,blosc,low,bit,0.1s,1.826,5.59,0.01,0.07,137.81996422182468,False,-1
Neuropixels1.0,384,770.4136,int16,blosc-zstd,blosc,low,no,1s,1.405,6.28,0.01,0.05,122.67732484076431,False,-1
Neuropixels1.0,384,770.4136,int16,blosc-zstd,blosc,low,shuffle,1s,1.668,5.45,0.01,0.05,141.36029357798165,False,-1
Neuropixels1.0,384,770.4136,int16,blosc-zstd,blosc,low,bit,1s,1.825,5.19,0.01,0.05,148.44192678227358,False,-1
Neuropixels1.0,384,770.4136,int16,blosc-zstd,blosc,low,no,10s,1.405,6.85,0.1,0.09,112.4691386861314,False,-1
Neuropixels1.0,384,770.4136,int16,blosc-zstd,blosc,low,shuffle,10s,1.668,6.76,0.09,0.08,113.96650887573963,False,-1
Neuropixels1.0,384,770.4136,int16,blosc-zstd,blosc,low,bit,10s,1.825,6.5,0.09,0.07,118.52516923076922,False,-1
Neuropixels1.0,384,770.4136,int16,blosc-zstd,blosc,medium,no,0.1s,1.492,40.36,0.01,0.09,19.08854311199207,False,-1
Neuropixels1.0,384,770.4136,int16,blosc-zstd,blosc,medium,shuffle,0.1s,1.753,37.95,0.01,0.06,20.3007536231884,False,-1
Neuropixels1.0,384,770.4136,int16,blosc-zstd,blosc,medium,bit,0.1s,2.016,20.5,0.01,0.06,37.58115121951219,False,-1
Neuropixels1.0,384,770.4136,int16,blosc-zstd,blosc,medium,no,1s,1.493,40.77,0.01,0.06,18.896580819229825,False,-1
Neuropixels1.0,384,770.4136,int16,blosc-zstd,blosc,medium,shuffle,1s,1.754,37.68,0.01,0.04,20.446220806794056,False,-1
Neuropixels1.0,384,770.4136,int16,blosc-zstd,blosc,medium,bit,1s,2.018,20.16,0.01,0.04,38.21496031746032,False,-1
Neuropixels1.0,384,770.4136,int16,blosc-zstd,blosc,medium,no,10s,1.493,42.04,0.1,0.09,18.32572787821123,False,-1
Neuropixels1.0,384,770.4136,int16,blosc-zstd,blosc,medium,shuffle,10s,1.754,39.93,0.08,0.07,19.29410468319559,False,-1
Neuropixels1.0,384,770.4136,int16,blosc-zstd,blosc,medium,bit,10s,2.018,21.25,0.07,0.06,36.25475764705882,False,-1
Neuropixels1.0,384,770.4136,int16,blosc-zstd,blosc,high,no,0.1s,1.573,241.95,0.02,0.18,3.1841851622236,False,-1
Neuropixels1.0,384,770.4136,int16,blosc-zstd,blosc,high,shuffle,0.1s,1.806,267.33,0.01,0.07,2.881882317734635,False,-1
Neuropixels1.0,384,770.4136,int16,blosc-zstd,blosc,high,bit,0.1s,2.099,175.62,0.01,0.1,4.386821546520897,False,-1
Neuropixels1.0,384,770.4136,int16,blosc-zstd,blosc,high,no,1s,1.575,250.52,0.01,0.1,3.075257863643621,False,-1
Neuropixels1.0,384,770.4136,int16,blosc-zstd,blosc,high,shuffle,1s,1.808,265.19,0.01,0.04,2.905138202797994,False,-1
Neuropixels1.0,384,770.4136,int16,blosc-zstd,blosc,high,bit,1s,2.103,174.59,0.01,0.05,4.412701758405407,False,-1
Neuropixels1.0,384,770.4136,int16,blosc-zstd,blosc,high,no,10s,1.575,252.83,0.14,0.09,3.0471605426571213,False,-1
Neuropixels1.0,384,770.4136,int16,blosc-zstd,blosc,high,shuffle,10s,1.808,273.12,0.08,0.06,2.8207879320445226,False,-1
Neuropixels1.0,384,770.4136,int16,blosc-zstd,blosc,high,bit,10s,2.104,178.85,0.08,0.06,4.30759630975678,False,-1
Neuropixels2.0,384,732.2759,int16,blosc-lz4,blosc,low,no,0.1s,1.0,21.25,0.12,2.91,34.46004235294117,True,-1
Neuropixels2.0,384,732.2759,int16,blosc-lz4,blosc,low,shuffle,0.1s,1.521,20.51,0.06,0.57,35.70335933690882,True,-1
Neuropixels2.0,384,732.2759,int16,blosc-lz4,blosc,low,bit,0.1s,1.632,20.91,0.06,0.6,35.020368244858915,True,-1
Neuropixels2.0,384,732.2759,int16,blosc-lz4,blosc,low,no,1s,1.0,27.53,0.07,1.28,26.599197239375226,True,-1
Neuropixels2.0,384,732.2759,int16,blosc-lz4,blosc,low,shuffle,1s,1.522,26.16,0.06,0.58,27.99219801223241,True,-1
Neuropixels2.0,384,732.2759,int16,blosc-lz4,blosc,low,bit,1s,1.632,26.37,0.07,0.57,27.769279484262416,True,-1
Neuropixels2.0,384,732.2759,int16,blosc-lz4,blosc,low,no,10s,1.0,36.65,0.25,0.73,19.98024283765348,True,-1
Neuropixels2.0,384,732.2759,int16,blosc-lz4,blosc,low,shuffle,10s,1.521,29.02,0.14,0.61,25.23349069607168,True,-1
Neuropixels2.0,384,732.2759,int16,blosc-lz4,blosc,low,bit,10s,1.632,31.08,0.15,0.6,23.561000643500645,True,-1
Neuropixels2.0,384,732.2759,int16,blosc-lz4,blosc,medium,no,0.1s,1.0,21.35,0.06,0.61,34.29863700234192,True,-1
Neuropixels2.0,384,732.2759,int16,blosc-lz4,blosc,medium,shuffle,0.1s,1.574,21.0,0.06,0.57,34.87028095238095,True,-1
Neuropixels2.0,384,732.2759,int16,blosc-lz4,blosc,medium,bit,0.1s,1.646,20.94,0.06,0.58,34.97019579751671,True,-1
Neuropixels2.0,384,732.2759,int16,blosc-lz4,blosc,medium,no,1s,1.0,27.74,0.06,0.58,26.397833453496755,True,-1
Neuropixels2.0,384,732.2759,int16,blosc-lz4,blosc,medium,shuffle,1s,1.575,26.69,0.06,0.56,27.436339452978643,True,-1
Neuropixels2.0,384,732.2759,int16,blosc-lz4,blosc,medium,bit,1s,1.646,26.19,0.06,0.56,27.96013363879343,True,-1
Neuropixels2.0,384,732.2759,int16,blosc-lz4,blosc,medium,no,10s,1.0,33.98,0.22,0.72,21.550203060623897,True,-1
Neuropixels2.0,384,732.2759,int16,blosc-lz4,blosc,medium,shuffle,10s,1.575,29.36,0.14,0.57,24.941277247956403,True,-1
Neuropixels2.0,384,732.2759,int16,blosc-lz4,blosc,medium,bit,10s,1.646,30.2,0.15,0.63,24.24754635761589,True,-1
Neuropixels2.0,384,732.2759,int16,blosc-lz4,blosc,high,no,0.1s,1.0,22.34,0.06,0.58,32.778688451208595,True,-1
Neuropixels2.0,384,732.2759,int16,blosc-lz4,blosc,high,shuffle,0.1s,1.575,20.59,0.06,0.58,35.56463817387081,True,-1
Neuropixels2.0,384,732.2759,int16,blosc-lz4,blosc,high,bit,0.1s,1.668,21.19,0.06,0.57,34.55761680037753,True,-1
Neuropixels2.0,384,732.2759,int16,blosc-lz4,blosc,high,no,1s,1.0,27.15,0.06,0.58,26.97148802946593,True,-1
Neuropixels2.0,384,732.2759,int16,blosc-lz4,blosc,high,shuffle,1s,1.576,25.82,0.06,0.55,28.360801704105345,True,-1
Neuropixels2.0,384,732.2759,int16,blosc-lz4,blosc,high,bit,1s,1.667,25.69,0.07,0.56,28.50431685480732,True,-1
Neuropixels2.0,384,732.2759,int16,blosc-lz4,blosc,high,no,10s,1.0,31.17,0.19,0.62,23.492970805261468,True,-1
Neuropixels2.0,384,732.2759,int16,blosc-lz4,blosc,high,shuffle,10s,1.576,30.77,0.15,0.6,23.798371790705232,True,-1
Neuropixels2.0,384,732.2759,int16,blosc-lz4,blosc,high,bit,10s,1.667,29.99,0.19,0.64,24.417335778592864,True,-1
Neuropixels2.0,384,732.2759,int16,blosc-lz4hc,blosc,low,no,0.1s,1.058,22.63,0.06,0.58,32.35863455589925,True,-1
Neuropixels2.0,384,732.2759,int16,blosc-lz4hc,blosc,low,shuffle,0.1s,1.637,21.02,0.06,0.57,34.83710275927688,True,-1
Neuropixels2.0,384,732.2759,int16,blosc-lz4hc,blosc,low,bit,0.1s,1.724,20.06,0.07,0.6,36.504282153539386,True,-1
Neuropixels2.0,384,732.2759,int16,blosc-lz4hc,blosc,low,no,1s,1.058,27.07,0.06,0.57,27.05119689693388,True,-1
Neuropixels2.0,384,732.2759,int16,blosc-lz4hc,blosc,low,shuffle,1s,1.637,25.74,0.07,0.55,28.448947163947164,True,-1
Neuropixels2.0,384,732.2759,int16,blosc-lz4hc,blosc,low,bit,1s,1.724,26.1,0.06,0.56,28.056547892720303,True,-1
Neuropixels2.0,384,732.2759,int16,blosc-lz4hc,blosc,low,no,10s,1.058,37.97,0.14,0.6,19.28564392941796,True,-1
Neuropixels2.0,384,732.2759,int16,blosc-lz4hc,blosc,low,shuffle,10s,1.637,36.08,0.13,0.58,20.295895232815965,True,-1
Neuropixels2.0,384,732.2759,int16,blosc-lz4hc,blosc,low,bit,10s,1.724,31.62,0.18,0.61,23.15863061353573,True,-1
Neuropixels2.0,384,732.2759,int16,blosc-lz4hc,blosc,medium,no,0.1s,1.163,31.89,0.06,0.57,22.96255566008153,True,-1
Neuropixels2.0,384,732.2759,int16,blosc-lz4hc,blosc,medium,shuffle,0.1s,1.729,29.44,0.06,0.57,24.87350203804348,True,-1
Neuropixels2.0,384,732.2759,int16,blosc-lz4hc,blosc,medium,bit,0.1s,1.744,23.47,0.08,0.57,31.200507030251384,True,-1
Neuropixels2.0,384,732.2759,int16,blosc-lz4hc,blosc,medium,no,1s,1.163,35.13,0.06,0.56,20.844745231995443,True,-1
Neuropixels2.0,384,732.2759,int16,blosc-lz4hc,blosc,medium,shuffle,1s,1.73,33.24,0.06,0.55,22.02996089049338,True,-1
Neuropixels2.0,384,732.2759,int16,blosc-lz4hc,blosc,medium,bit,1s,1.744,29.28,0.06,0.57,25.00942281420765,True,-1
Neuropixels2.0,384,732.2759,int16,blosc-lz4hc,blosc,medium,no,10s,1.163,45.92,0.14,0.6,15.94677482578397,True,-1
Neuropixels2.0,384,732.2759,int16,blosc-lz4hc,blosc,medium,shuffle,10s,1.73,44.21,0.12,0.58,16.563580637864735,True,-1
Neuropixels2.0,384,732.2759,int16,blosc-lz4hc,blosc,medium,bit,10s,1.743,39.64,0.14,0.59,18.473155903128152,True,-1
Neuropixels2.0,384,732.2759,int16,blosc-lz4hc,blosc,high,no,0.1s,1.163,31.53,0.06,0.58,23.22473517285125,True,-1
Neuropixels2.0,384,732.2759,int16,blosc-lz4hc,blosc,high,shuffle,0.1s,1.772,114.01,0.06,0.57,6.422909393912814,True,-1
Neuropixels2.0,384,732.2759,int16,blosc-lz4hc,blosc,high,bit,0.1s,1.746,34.56,0.06,0.58,21.188538773148142,True,-1
Neuropixels2.0,384,732.2759,int16,blosc-lz4hc,blosc,high,no,1s,1.163,34.58,0.06,0.58,21.17628397917872,True,-1
Neuropixels2.0,384,732.2759,int16,blosc-lz4hc,blosc,high,shuffle,1s,1.772,118.19,0.06,0.55,6.195751755647686,True,-1
Neuropixels2.0,384,732.2759,int16,blosc-lz4hc,blosc,high,bit,1s,1.746,39.36,0.07,0.57,18.6045706300813,True,-1
Neuropixels2.0,384,732.2759,int16,blosc-lz4hc,blosc,high,no,10s,1.163,48.27,0.14,0.62,15.170414336026516,True,-1
Neuropixels2.0,384,732.2759,int16,blosc-lz4hc,blosc,high,shuffle,10s,1.772,133.77,0.12,0.58,5.474141436794498,True,-1
Neuropixels2.0,384,732.2759,int16,blosc-lz4hc,blosc,high,bit,10s,1.746,48.84,0.12,0.58,14.993364045864045,True,-1
Neuropixels2.0,384,732.2759,int16,blosc-zlib,blosc,low,no,0.1s,1.38,27.02,0.07,0.69,27.101254626202813,True,-1
Neuropixels2.0,384,732.2759,int16,blosc-zlib,blosc,low,shuffle,0.1s,1.722,22.38,0.07,0.63,32.720102770330655,True,-1
Neuropixels2.0,384,732.2759,int16,blosc-zlib,blosc,low,bit,0.1s,1.744,22.59,0.07,0.64,32.415931828242584,True,-1
Neuropixels2.0,384,732.2759,int16,blosc-zlib,blosc,low,no,1s,1.38,30.81,0.07,0.66,23.76747484582928,True,-1
Neuropixels2.0,384,732.2759,int16,blosc-zlib,blosc,low,shuffle,1s,1.723,26.09,0.07,0.61,28.06730164814105,True,-1
Neuropixels2.0,384,732.2759,int16,blosc-zlib,blosc,low,bit,1s,1.744,28.19,0.06,0.59,25.97644200070947,True,-1
Neuropixels2.0,384,732.2759,int16,blosc-zlib,blosc,low,no,10s,1.38,43.86,0.23,0.7,16.695756953944368,True,-1
Neuropixels2.0,384,732.2759,int16,blosc-zlib,blosc,low,shuffle,10s,1.723,36.94,0.21,0.64,19.82338657282079,True,-1
Neuropixels2.0,384,732.2759,int16,blosc-zlib,blosc,low,bit,10s,1.744,37.28,0.18,0.62,19.64259388412017,True,-1
Neuropixels2.0,384,732.2759,int16,blosc-zlib,blosc,medium,no,0.1s,1.41,60.84,0.08,0.75,12.036093030900725,True,-1
Neuropixels2.0,384,732.2759,int16,blosc-zlib,blosc,medium,shuffle,0.1s,1.805,36.23,0.07,0.67,20.211865857024566,True,-1
Neuropixels2.0,384,732.2759,int16,blosc-zlib,blosc,medium,bit,0.1s,1.57,42.03,0.07,0.72,17.422695693552225,True,-1
Neuropixels2.0,384,732.2759,int16,blosc-zlib,blosc,medium,no,1s,1.41,63.86,0.08,0.67,11.466894769808956,True,-1
Neuropixels2.0,384,732.2759,int16,blosc-zlib,blosc,medium,shuffle,1s,1.807,39.73,0.07,0.61,18.43130883463378,True,-1
Neuropixels2.0,384,732.2759,int16,blosc-zlib,blosc,medium,bit,1s,1.555,45.91,0.07,0.62,15.950248311914615,True,-1
Neuropixels2.0,384,732.2759,int16,blosc-zlib,blosc,medium,no,10s,1.41,80.04,0.23,0.67,9.148874312843578,True,-1
Neuropixels2.0,384,732.2759,int16,blosc-zlib,blosc,medium,shuffle,10s,1.807,49.27,0.17,0.62,14.86251065557134,True,-1
Neuropixels2.0,384,732.2759,int16,blosc-zlib,blosc,medium,bit,10s,1.551,60.57,0.18,0.65,12.089745748720487,True,-1
Neuropixels2.0,384,732.2759,int16,blosc-zlib,blosc,high,no,0.1s,1.413,66.74,0.09,0.73,10.972069223853762,True,-1
Neuropixels2.0,384,732.2759,int16,blosc-zlib,blosc,high,shuffle,0.1s,1.839,315.88,0.07,0.65,2.318209130049386,True,-1
Neuropixels2.0,384,732.2759,int16,blosc-zlib,blosc,high,bit,0.1s,1.587,312.11,0.07,0.67,2.346210951267181,True,-1
Neuropixels2.0,384,732.2759,int16,blosc-zlib,blosc,high,no,1s,1.413,69.64,0.08,0.67,10.515162263067202,True,-1
Neuropixels2.0,384,732.2759,int16,blosc-zlib,blosc,high,shuffle,1s,1.84,322.66,0.07,0.62,2.26949699373954,True,-1
Neuropixels2.0,384,732.2759,int16,blosc-zlib,blosc,high,bit,1s,1.573,333.43,0.07,0.61,2.1961908046666467,True,-1
Neuropixels2.0,384,732.2759,int16,blosc-zlib,blosc,high,no,10s,1.413,80.4,0.22,0.69,9.107909203980098,True,-1
Neuropixels2.0,384,732.2759,int16,blosc-zlib,blosc,high,shuffle,10s,1.84,356.42,0.17,0.64,2.0545308905224173,True,-1
Neuropixels2.0,384,732.2759,int16,blosc-zlib,blosc,high,bit,10s,1.568,365.6,0.19,0.64,2.0029428336980306,True,-1
Neuropixels2.0,384,732.2759,int16,blosc-zstd,blosc,low,no,0.1s,1.352,20.36,0.07,0.59,35.96639980353635,True,-1
Neuropixels2.0,384,732.2759,int16,blosc-zstd,blosc,low,shuffle,0.1s,1.746,20.2,0.06,0.59,36.25128217821782,True,-1
Neuropixels2.0,384,732.2759,int16,blosc-zstd,blosc,low,bit,0.1s,1.735,21.13,0.07,0.64,34.655745385707526,True,-1
Neuropixels2.0,384,732.2759,int16,blosc-zstd,blosc,low,no,1s,1.352,26.56,0.07,0.58,27.57062876506024,True,-1
Neuropixels2.0,384,732.2759,int16,blosc-zstd,blosc,low,shuffle,1s,1.746,26.12,0.07,0.6,28.035065084226645,True,-1
Neuropixels2.0,384,732.2759,int16,blosc-zstd,blosc,low,bit,1s,1.735,26.22,0.06,0.59,27.928142639206712,True,-1
Neuropixels2.0,384,732.2759,int16,blosc-zstd,blosc,low,no,10s,1.352,32.53,0.32,0.77,22.51078696587765,True,-1
Neuropixels2.0,384,732.2759,int16,blosc-zstd,blosc,low,shuffle,10s,1.746,31.77,0.16,0.61,23.049288637079005,True,-1
Neuropixels2.0,384,732.2759,int16,blosc-zstd,blosc,low,bit,10s,1.735,28.88,0.16,0.61,25.35581371191136,True,-1
Neuropixels2.0,384,732.2759,int16,blosc-zstd,blosc,medium,no,0.1s,1.455,47.68,0.08,0.71,15.35813548657718,True,-1
Neuropixels2.0,384,732.2759,int16,blosc-zstd,blosc,medium,shuffle,0.1s,1.825,36.78,0.06,0.57,19.90962207721588,True,-1
Neuropixels2.0,384,732.2759,int16,blosc-zstd,blosc,medium,bit,0.1s,1.817,32.73,0.06,0.6,22.37323250840208,True,-1
Neuropixels2.0,384,732.2759,int16,blosc-zstd,blosc,medium,no,1s,1.455,58.65,0.07,0.67,12.485522591645354,True,-1
Neuropixels2.0,384,732.2759,int16,blosc-zstd,blosc,medium,shuffle,1s,1.826,42.15,0.06,0.56,17.37309371293001,True,-1
Neuropixels2.0,384,732.2759,int16,blosc-zstd,blosc,medium,bit,1s,1.817,38.44,0.07,0.57,19.04984131113424,True,-1
Neuropixels2.0,384,732.2759,int16,blosc-zstd,blosc,medium,no,10s,1.455,65.12,0.18,0.64,11.245023034398033,True,-1
Neuropixels2.0,384,732.2759,int16,blosc-zstd,blosc,medium,shuffle,10s,1.826,49.97,0.13,0.59,14.65431058635181,True,-1
Neuropixels2.0,384,732.2759,int16,blosc-zstd,blosc,medium,bit,10s,1.817,43.2,0.13,0.61,16.950831018518517,True,-1
Neuropixels2.0,384,732.2759,int16,blosc-zstd,blosc,high,no,0.1s,1.481,230.46,0.07,0.68,3.1774533541612424,True,-1
Neuropixels2.0,384,732.2759,int16,blosc-zstd,blosc,high,shuffle,0.1s,1.858,277.11,0.07,0.59,2.642545920392624,True,-1
Neuropixels2.0,384,732.2759,int16,blosc-zstd,blosc,high,bit,0.1s,1.882,127.33,0.07,0.61,5.751008403361345,True,-1
Neuropixels2.0,384,732.2759,int16,blosc-zstd,blosc,high,no,1s,1.489,251.49,0.07,0.61,2.911749572547616,True,-1
Neuropixels2.0,384,732.2759,int16,blosc-zstd,blosc,high,shuffle,1s,1.859,283.5,0.06,0.55,2.5829837742504407,True,-1
Neuropixels2.0,384,732.2759,int16,blosc-zstd,blosc,high,bit,1s,1.884,131.48,0.06,0.57,5.569485092789778,True,-1
Neuropixels2.0,384,732.2759,int16,blosc-zstd,blosc,high,no,10s,1.489,270.0,0.16,0.61,2.7121329629629627,True,-1
Neuropixels2.0,384,732.2759,int16,blosc-zstd,blosc,high,shuffle,10s,1.859,319.65,0.13,0.61,2.2908678241827,True,-1
Neuropixels2.0,384,732.2759,int16,blosc-zstd,blosc,high,bit,10s,1.884,153.57,0.14,0.62,4.768352542814352,True,-1
Neuropixels1.0,384,770.4136,int16,blosc-lz4,blosc,low,no,0.1s,1.264,26.28,0.18,3.97,29.315585996955857,True,-1
Neuropixels1.0,384,770.4136,int16,blosc-lz4,blosc,low,shuffle,0.1s,1.609,24.11,0.09,3.36,31.954110327664868,True,-1
Neuropixels1.0,384,770.4136,int16,blosc-lz4,blosc,low,bit,0.1s,2.334,23.21,0.07,0.73,33.19317535545024,True,-1
Neuropixels1.0,384,770.4136,int16,blosc-lz4,blosc,low,no,1s,1.264,27.17,0.11,2.95,28.35530364372469,True,-1
Neuropixels1.0,384,770.4136,int16,blosc-lz4,blosc,low,shuffle,1s,1.609,26.39,0.07,0.57,29.19339143615005,True,-1
Neuropixels1.0,384,770.4136,int16,blosc-lz4,blosc,low,bit,1s,2.333,25.76,0.07,0.57,29.9073602484472,True,-1
Neuropixels1.0,384,770.4136,int16,blosc-lz4,blosc,low,no,10s,1.264,50.71,0.26,0.73,15.192537960954446,True,-1
Neuropixels1.0,384,770.4136,int16,blosc-lz4,blosc,low,shuffle,10s,1.609,32.76,0.12,0.57,23.516898656898658,True,-1
Neuropixels1.0,384,770.4136,int16,blosc-lz4,blosc,low,bit,10s,2.333,31.07,0.13,0.58,24.796060508529127,True,-1
Neuropixels1.0,384,770.4136,int16,blosc-lz4,blosc,medium,no,0.1s,1.317,24.25,0.07,0.59,31.76963298969072,True,-1
Neuropixels1.0,384,770.4136,int16,blosc-lz4,blosc,medium,shuffle,0.1s,1.649,23.95,0.07,0.62,32.16758246346555,True,-1
Neuropixels1.0,384,770.4136,int16,blosc-lz4,blosc,medium,bit,0.1s,2.388,24.33,0.07,0.57,31.66517057131114,True,-1
Neuropixels1.0,384,770.4136,int16,blosc-lz4,blosc,medium,no,1s,1.316,27.13,0.07,0.58,28.39711021009952,True,-1
Neuropixels1.0,384,770.4136,int16,blosc-lz4,blosc,medium,shuffle,1s,1.649,26.42,0.07,0.57,29.16024224072672,True,-1
Neuropixels1.0,384,770.4136,int16,blosc-lz4,blosc,medium,bit,1s,2.37,25.78,0.06,0.61,29.88415826221877,True,-1
Neuropixels1.0,384,770.4136,int16,blosc-lz4,blosc,medium,no,10s,1.316,36.57,0.22,0.69,21.066819797648343,True,-1
Neuropixels1.0,384,770.4136,int16,blosc-lz4,blosc,medium,shuffle,10s,1.649,34.0,0.14,0.58,22.659223529411765,True,-1
Neuropixels1.0,384,770.4136,int16,blosc-lz4,blosc,medium,bit,10s,2.367,30.79,0.13,0.57,25.021552452094834,True,-1
Neuropixels1.0,384,770.4136,int16,blosc-lz4,blosc,high,no,0.1s,1.503,24.51,0.07,0.59,31.432623419012646,True,-1
Neuropixels1.0,384,770.4136,int16,blosc-lz4,blosc,high,shuffle,0.1s,1.649,24.45,0.07,0.6,31.509758691206542,True,-1
Neuropixels1.0,384,770.4136,int16,blosc-lz4,blosc,high,bit,0.1s,2.411,23.73,0.07,0.59,32.46580699536452,True,-1
Neuropixels1.0,384,770.4136,int16,blosc-lz4,blosc,high,no,1s,1.503,26.59,0.07,0.56,28.973809702895824,True,-1
Neuropixels1.0,384,770.4136,int16,blosc-lz4,blosc,high,shuffle,1s,1.649,26.37,0.06,0.55,29.215532802427,True,-1
Neuropixels1.0,384,770.4136,int16,blosc-lz4,blosc,high,bit,1s,2.389,25.83,0.07,0.55,29.826310491676345,True,-1
Neuropixels1.0,384,770.4136,int16,blosc-lz4,blosc,high,no,10s,1.503,32.53,0.14,0.6,23.68317245619428,True,-1
Neuropixels1.0,384,770.4136,int16,blosc-lz4,blosc,high,shuffle,10s,1.649,31.7,0.14,0.58,24.30326813880126,True,-1
Neuropixels1.0,384,770.4136,int16,blosc-lz4,blosc,high,bit,10s,2.384,30.28,0.13,0.58,25.442985468956405,True,-1
Neuropixels1.0,384,770.4136,int16,blosc-lz4hc,blosc,low,no,0.1s,1.563,25.83,0.07,0.57,29.826310491676345,True,-1
Neuropixels1.0,384,770.4136,int16,blosc-lz4hc,blosc,low,shuffle,0.1s,1.749,23.69,0.07,0.6,32.5206247361756,True,-1
Neuropixels1.0,384,770.4136,int16,blosc-lz4hc,blosc,low,bit,0.1s,2.596,23.59,0.06,0.56,32.65848240779992,True,-1
Neuropixels1.0,384,770.4136,int16,blosc-lz4hc,blosc,low,no,1s,1.564,28.52,0.07,0.57,27.013099579242635,True,-1
Neuropixels1.0,384,770.4136,int16,blosc-lz4hc,blosc,low,shuffle,1s,1.749,27.12,0.07,0.57,28.407581120943952,True,-1
Neuropixels1.0,384,770.4136,int16,blosc-lz4hc,blosc,low,bit,1s,2.595,25.74,0.07,0.56,29.93059829059829,True,-1
Neuropixels1.0,384,770.4136,int16,blosc-lz4hc,blosc,low,no,10s,1.563,38.24,0.13,0.56,20.14679916317992,True,-1
Neuropixels1.0,384,770.4136,int16,blosc-lz4hc,blosc,low,shuffle,10s,1.749,39.08,0.17,0.59,19.713756397134084,True,-1
Neuropixels1.0,384,770.4136,int16,blosc-lz4hc,blosc,low,bit,10s,2.594,31.61,0.11,0.55,24.37246440999684,True,-1
Neuropixels1.0,384,770.4136,int16,blosc-lz4hc,blosc,medium,no,0.1s,1.846,49.66,0.07,0.65,15.513765606121629,True,-1
Neuropixels1.0,384,770.4136,int16,blosc-lz4hc,blosc,medium,shuffle,0.1s,1.903,33.04,0.07,0.57,23.317602905569007,True,-1
Neuropixels1.0,384,770.4136,int16,blosc-lz4hc,blosc,medium,bit,0.1s,2.664,26.25,0.08,0.6,29.34908952380952,True,-1
Neuropixels1.0,384,770.4136,int16,blosc-lz4hc,blosc,medium,no,1s,1.847,49.58,0.07,0.56,15.538797902379992,True,-1
Neuropixels1.0,384,770.4136,int16,blosc-lz4hc,blosc,medium,shuffle,1s,1.905,35.9,0.07,0.56,21.45998885793872,True,-1
Neuropixels1.0,384,770.4136,int16,blosc-lz4hc,blosc,medium,bit,1s,2.649,27.15,0.07,0.56,28.37619152854512,True,-1
Neuropixels1.0,384,770.4136,int16,blosc-lz4hc,blosc,medium,no,10s,1.846,68.4,0.14,0.61,11.263356725146195,True,-1
Neuropixels1.0,384,770.4136,int16,blosc-lz4hc,blosc,medium,shuffle,10s,1.905,46.56,0.11,0.57,16.54668384879725,True,-1
Neuropixels1.0,384,770.4136,int16,blosc-lz4hc,blosc,medium,bit,10s,2.644,36.34,0.12,0.58,21.200154100165104,True,-1
Neuropixels1.0,384,770.4136,int16,blosc-lz4hc,blosc,high,no,0.1s,1.91,99.03,0.07,0.59,7.7795981015853775,True,-1
Neuropixels1.0,384,770.4136,int16,blosc-lz4hc,blosc,high,shuffle,0.1s,1.959,121.3,0.07,0.58,6.3513075020610055,True,-1
Neuropixels1.0,384,770.4136,int16,blosc-lz4hc,blosc,high,bit,0.1s,2.674,33.95,0.07,0.61,22.692594992636227,True,-1
Neuropixels1.0,384,770.4136,int16,blosc-lz4hc,blosc,high,no,1s,1.911,100.44,0.07,0.57,7.670386300278773,True,-1
Neuropixels1.0,384,770.4136,int16,blosc-lz4hc,blosc,high,shuffle,1s,1.962,123.27,0.07,0.56,6.249806116654498,True,-1
Neuropixels1.0,384,770.4136,int16,blosc-lz4hc,blosc,high,bit,1s,2.659,35.35,0.07,0.56,21.793878359264497,True,-1
Neuropixels1.0,384,770.4136,int16,blosc-lz4hc,blosc,high,no,10s,1.91,112.82,0.12,0.58,6.828697039531998,True,-1
Neuropixels1.0,384,770.4136,int16,blosc-lz4hc,blosc,high,shuffle,10s,1.962,141.46,0.11,0.56,5.446158631415241,True,-1
Neuropixels1.0,384,770.4136,int16,blosc-lz4hc,blosc,high,bit,10s,2.654,46.62,0.11,0.56,16.525388245388246,True,-1
Neuropixels1.0,384,770.4136,int16,blosc-zlib,blosc,low,no,0.1s,2.303,24.65,0.07,0.66,31.254101419878296,True,-1
Neuropixels1.0,384,770.4136,int16,blosc-zlib,blosc,low,shuffle,0.1s,2.403,24.93,0.08,0.69,30.90307260328921,True,-1
Neuropixels1.0,384,770.4136,int16,blosc-zlib,blosc,low,bit,0.1s,2.64,24.43,0.07,0.61,31.53555464592714,True,-1
Neuropixels1.0,384,770.4136,int16,blosc-zlib,blosc,low,no,1s,2.303,27.52,0.07,0.63,27.99468023255814,True,-1
Neuropixels1.0,384,770.4136,int16,blosc-zlib,blosc,low,shuffle,1s,2.404,27.95,0.08,0.65,27.563992844364936,True,-1
Neuropixels1.0,384,770.4136,int16,blosc-zlib,blosc,low,bit,1s,2.64,28.21,0.07,0.62,27.30994682736618,True,-1
Neuropixels1.0,384,770.4136,int16,blosc-zlib,blosc,low,no,10s,2.303,31.92,0.17,0.61,24.13576441102757,True,-1
Neuropixels1.0,384,770.4136,int16,blosc-zlib,blosc,low,shuffle,10s,2.403,43.3,0.22,0.78,17.792461893764436,True,-1
Neuropixels1.0,384,770.4136,int16,blosc-zlib,blosc,low,bit,10s,2.639,40.26,0.19,0.73,19.135956284153007,True,-1
Neuropixels1.0,384,770.4136,int16,blosc-zlib,blosc,medium,no,0.1s,2.363,67.74,0.09,0.77,11.373097136108653,True,-1
Neuropixels1.0,384,770.4136,int16,blosc-zlib,blosc,medium,shuffle,0.1s,2.527,47.28,0.09,0.85,16.294703891708966,True,-1
Neuropixels1.0,384,770.4136,int16,blosc-zlib,blosc,medium,bit,0.1s,1.631,56.45,0.1,0.81,13.64771656333038,True,-1
Neuropixels1.0,384,770.4136,int16,blosc-zlib,blosc,medium,no,1s,2.364,68.9,0.09,0.74,11.181619738751811,True,-1
Neuropixels1.0,384,770.4136,int16,blosc-zlib,blosc,medium,shuffle,1s,2.529,48.38,0.09,0.73,15.92421661843737,True,-1
Neuropixels1.0,384,770.4136,int16,blosc-zlib,blosc,medium,bit,1s,1.578,59.79,0.09,0.75,12.88532530523499,True,-1
Neuropixels1.0,384,770.4136,int16,blosc-zlib,blosc,medium,no,10s,2.364,89.3,0.21,0.78,8.62725195968645,True,-1
Neuropixels1.0,384,770.4136,int16,blosc-zlib,blosc,medium,shuffle,10s,2.53,59.89,0.2,0.74,12.863810318918016,True,-1
Neuropixels1.0,384,770.4136,int16,blosc-zlib,blosc,medium,bit,10s,1.563,79.99,0.21,0.76,9.631373921740218,True,-1
Neuropixels1.0,384,770.4136,int16,blosc-zlib,blosc,high,no,0.1s,2.377,268.93,0.09,0.84,2.8647365485442307,True,-1
Neuropixels1.0,384,770.4136,int16,blosc-zlib,blosc,high,shuffle,0.1s,2.563,495.46,0.08,0.72,1.55494611068502,True,-1
Neuropixels1.0,384,770.4136,int16,blosc-zlib,blosc,high,bit,0.1s,1.657,479.55,0.08,0.74,1.6065344593890103,True,-1
Neuropixels1.0,384,770.4136,int16,blosc-zlib,blosc,high,no,1s,2.377,263.08,0.08,0.67,2.9284384977953475,True,-1
Neuropixels1.0,384,770.4136,int16,blosc-zlib,blosc,high,shuffle,1s,2.565,499.66,0.11,1.14,1.541875675459312,True,-1
Neuropixels1.0,384,770.4136,int16,blosc-zlib,blosc,high,bit,1s,1.603,513.64,0.11,2.15,1.4999096643563583,True,-1
Neuropixels1.0,384,770.4136,int16,blosc-zlib,blosc,high,no,10s,2.377,286.93,0.16,0.62,2.685022827867424,True,-1
Neuropixels1.0,384,770.4136,int16,blosc-zlib,blosc,high,shuffle,10s,2.565,527.72,0.17,0.71,1.4598908512089743,True,-1
Neuropixels1.0,384,770.4136,int16,blosc-zlib,blosc,high,bit,10s,1.588,550.32,0.23,0.7,1.399937490914377,True,-1
Neuropixels1.0,384,770.4136,int16,blosc-zstd,blosc,low,no,0.1s,2.169,21.54,0.06,0.61,35.76664809656453,True,-1
Neuropixels1.0,384,770.4136,int16,blosc-zstd,blosc,low,shuffle,0.1s,2.453,20.81,0.06,0.58,37.02131667467564,True,-1
Neuropixels1.0,384,770.4136,int16,blosc-zstd,blosc,low,bit,0.1s,2.876,20.53,0.06,0.57,37.52623477837311,True,-1
Neuropixels1.0,384,770.4136,int16,blosc-zstd,blosc,low,no,1s,2.169,26.65,0.06,0.59,28.908577861163227,True,-1
Neuropixels1.0,384,770.4136,int16,blosc-zstd,blosc,low,shuffle,1s,2.453,26.26,0.06,0.62,29.33791317593297,True,-1
Neuropixels1.0,384,770.4136,int16,blosc-zstd,blosc,low,bit,1s,2.876,26.03,0.06,0.58,29.597141759508258,True,-1
Neuropixels1.0,384,770.4136,int16,blosc-zstd,blosc,low,no,10s,2.169,40.75,0.17,0.61,18.905855214723925,True,-1
Neuropixels1.0,384,770.4136,int16,blosc-zstd,blosc,low,shuffle,10s,2.453,37.83,0.2,0.66,20.365149352365847,True,-1
Neuropixels1.0,384,770.4136,int16,blosc-zstd,blosc,low,bit,10s,2.876,33.15,0.13,0.59,23.240229260935145,True,-1
Neuropixels1.0,384,770.4136,int16,blosc-zstd,blosc,medium,no,0.1s,2.436,86.62,0.06,0.63,8.89417686446548,True,-1
Neuropixels1.0,384,770.4136,int16,blosc-zstd,blosc,medium,shuffle,0.1s,2.404,44.02,0.07,0.62,17.501444797819172,True,-1
Neuropixels1.0,384,770.4136,int16,blosc-zstd,blosc,medium,bit,0.1s,2.997,31.9,0.06,0.62,24.15089655172413,True,-1
Neuropixels1.0,384,770.4136,int16,blosc-zstd,blosc,medium,no,1s,2.436,95.17,0.06,0.58,8.095130818535253,True,-1
Neuropixels1.0,384,770.4136,int16,blosc-zstd,blosc,medium,shuffle,1s,2.406,51.79,0.06,0.56,14.875721181695308,True,-1
Neuropixels1.0,384,770.4136,int16,blosc-zstd,blosc,medium,bit,1s,2.997,37.38,0.06,0.55,20.610315676832528,True,-1
Neuropixels1.0,384,770.4136,int16,blosc-zstd,blosc,medium,no,10s,2.436,110.01,0.14,0.62,7.003123352422507,True,-1
Neuropixels1.0,384,770.4136,int16,blosc-zstd,blosc,medium,shuffle,10s,2.406,64.81,0.14,0.63,11.887264311063106,True,-1
Neuropixels1.0,384,770.4136,int16,blosc-zstd,blosc,medium,bit,10s,2.997,52.6,0.12,0.6,14.646646387832698,True,-1
Neuropixels1.0,384,770.4136,int16,blosc-zstd,blosc,high,no,0.1s,2.646,326.9,0.07,0.65,2.3567256041602938,True,-1
Neuropixels1.0,384,770.4136,int16,blosc-zstd,blosc,high,shuffle,0.1s,2.604,369.62,0.07,0.68,2.084339592013419,True,-1
Neuropixels1.0,384,770.4136,int16,blosc-zstd,blosc,high,bit,0.1s,3.126,139.65,0.06,0.59,5.516746151092016,True,-1
Neuropixels1.0,384,770.4136,int16,blosc-zstd,blosc,high,no,1s,2.653,336.95,0.07,0.61,2.286433001929069,True,-1
Neuropixels1.0,384,770.4136,int16,blosc-zstd,blosc,high,shuffle,1s,2.61,375.66,0.07,0.59,2.050826811478464,True,-1
Neuropixels1.0,384,770.4136,int16,blosc-zstd,blosc,high,bit,1s,3.131,141.93,0.06,0.57,5.428123722962023,True,-1
Neuropixels1.0,384,770.4136,int16,blosc-zstd,blosc,high,no,10s,2.654,361.04,0.16,0.69,2.1338732550409927,True,-1
Neuropixels1.0,384,770.4136,int16,blosc-zstd,blosc,high,shuffle,10s,2.61,395.76,0.15,0.61,1.9466686880937945,True,-1
Neuropixels1.0,384,770.4136,int16,blosc-zstd,blosc,high,bit,10s,3.132,157.85,0.13,0.59,4.880668989547038,True,-1
Neuropixels2.0,384,732.2759,int16,wavpack,audio,low,no,0.1s,1.834,46.1,0.34,3.64,15.884509761388284,False,-1
Neuropixels2.0,384,732.2759,int16,wavpack,audio,low,no,0.1s,2.25,58.85,0.41,4.12,12.443090909090907,True,-1
Neuropixels2.0,384,732.2759,int16,wavpack,audio,low,no,1s,1.859,24.14,0.23,2.32,30.33454432477216,False,-1
Neuropixels2.0,384,732.2759,int16,wavpack,audio,low,no,1s,2.288,37.94,0.27,2.77,19.30089351607802,True,-1
Neuropixels2.0,384,732.2759,int16,wavpack,audio,low,no,10s,1.861,21.97,2.14,2.19,33.33071916249431,False,-1
Neuropixels2.0,384,732.2759,int16,wavpack,audio,low,no,10s,2.291,47.49,2.1,2.56,15.41958096441356,True,-1
Neuropixels2.0,384,732.2759,int16,wavpack,audio,medium,no,0.1s,1.871,77.81,0.53,5.27,9.411076982393007,False,-1
Neuropixels2.0,384,732.2759,int16,wavpack,audio,medium,no,0.1s,2.296,87.66,0.6,5.79,8.353592288386949,True,-1
Neuropixels2.0,384,732.2759,int16,wavpack,audio,medium,no,1s,1.904,38.52,0.39,3.88,19.010277777777777,False,-1
Neuropixels2.0,384,732.2759,int16,wavpack,audio,medium,no,1s,2.345,50.83,0.45,4.45,14.406372221129256,True,-1
Neuropixels2.0,384,732.2759,int16,wavpack,audio,medium,no,10s,1.906,30.28,3.73,3.73,24.18348414795244,False,-1
Neuropixels2.0,384,732.2759,int16,wavpack,audio,medium,no,10s,2.349,53.55,3.83,4.42,13.674619981325865,True,-1
Neuropixels2.0,384,732.2759,int16,wavpack,audio,high,no,0.1s,1.868,101.24,0.63,6.44,7.233068945080996,False,-1
Neuropixels2.0,384,732.2759,int16,wavpack,audio,high,no,0.1s,2.292,113.0,0.69,6.91,6.480317699115044,True,-1
Neuropixels2.0,384,732.2759,int16,wavpack,audio,high,no,1s,1.906,48.97,0.49,4.9,14.95356136410047,False,-1
Neuropixels2.0,384,732.2759,int16,wavpack,audio,high,no,1s,2.349,59.48,0.55,5.51,12.311296234028244,True,-1
Neuropixels2.0,384,732.2759,int16,wavpack,audio,high,no,10s,1.908,36.76,4.66,4.72,19.920454298150165,False,-1
Neuropixels2.0,384,732.2759,int16,wavpack,audio,high,no,10s,2.353,56.97,4.86,5.35,12.853710724942951,True,-1
Neuropixels1.0,384,770.4136,int16,wavpack,audio,low,no,0.1s,1.919,48.28,0.37,3.84,15.957199668599833,False,-1
Neuropixels1.0,384,770.4136,int16,wavpack,audio,low,no,0.1s,3.266,61.69,0.41,4.22,12.48846814718755,True,-1
Neuropixels1.0,384,770.4136,int16,wavpack,audio,low,no,1s,1.943,25.47,0.23,2.3,30.24788378484492,False,-1
Neuropixels1.0,384,770.4136,int16,wavpack,audio,low,no,1s,3.348,39.9,0.27,2.7,19.30861152882205,True,-1
Neuropixels1.0,384,770.4136,int16,wavpack,audio,low,no,10s,1.945,22.43,2.1,2.13,34.34746321890325,False,-1
Neuropixels1.0,384,770.4136,int16,wavpack,audio,low,no,10s,3.354,43.61,2.09,2.54,17.665984865856455,True,-1
Neuropixels1.0,384,770.4136,int16,wavpack,audio,medium,no,0.1s,1.921,81.65,0.53,5.41,9.435561543172074,False,-1
Neuropixels1.0,384,770.4136,int16,wavpack,audio,medium,no,0.1s,3.259,100.19,0.62,6.09,7.689525900788502,True,-1
Neuropixels1.0,384,770.4136,int16,wavpack,audio,medium,no,1s,1.953,40.57,0.38,3.9,18.98973625831896,False,-1
Neuropixels1.0,384,770.4136,int16,wavpack,audio,medium,no,1s,3.361,56.24,0.47,4.64,13.698677098150782,True,-1
Neuropixels1.0,384,770.4136,int16,wavpack,audio,medium,no,10s,1.954,31.23,3.76,3.71,24.669023374959973,False,-1
Neuropixels1.0,384,770.4136,int16,wavpack,audio,medium,no,10s,3.368,60.72,4.05,4.36,12.687971014492753,True,-1
Neuropixels1.0,384,770.4136,int16,wavpack,audio,high,no,0.1s,1.919,107.36,0.65,6.39,7.175983606557377,False,-1
Neuropixels1.0,384,770.4136,int16,wavpack,audio,high,no,0.1s,3.243,131.9,0.76,7.51,5.840891584533737,True,-1
Neuropixels1.0,384,770.4136,int16,wavpack,audio,high,no,1s,1.956,52.27,0.49,4.9,14.73911612779797,False,-1
Neuropixels1.0,384,770.4136,int16,wavpack,audio,high,no,1s,3.359,69.53,0.6,6.0,11.080304904357831,True,-1
Neuropixels1.0,384,770.4136,int16,wavpack,audio,high,no,10s,1.958,38.12,4.62,4.69,20.2102203567681,False,-1
Neuropixels1.0,384,770.4136,int16,wavpack,audio,high,no,10s,3.367,65.84,5.34,5.75,11.701300121506682,True,-1
Neuropixels2.0,384,732.2759,int16,zstd,numcodecs,low,no,0.1s,1.16,5.52,0.02,0.23,132.6586775362319,False,-1
Neuropixels2.0,384,732.2759,int16,zstd,numcodecs,low,no,0.1s,1.349,32.92,0.08,0.8,22.24410388821385,True,-1
Neuropixels2.0,384,732.2759,int16,zstd,numcodecs,low,shuffle,0.1s,1.536,7.38,0.04,0.36,99.22437669376694,False,-1
Neuropixels2.0,384,732.2759,int16,zstd,numcodecs,low,shuffle,0.1s,1.789,35.26,0.1,0.95,20.767892796369825,True,-1
Neuropixels2.0,384,732.2759,int16,zstd,numcodecs,low,no,1s,1.16,8.46,0.03,0.23,86.55743498817965,False,-1
Neuropixels2.0,384,732.2759,int16,zstd,numcodecs,low,no,1s,1.349,41.59,0.09,0.81,17.607018514065878,True,-1
Neuropixels2.0,384,732.2759,int16,zstd,numcodecs,low,shuffle,1s,1.55,9.2,0.05,0.46,79.59520652173913,False,-1
Neuropixels2.0,384,732.2759,int16,zstd,numcodecs,low,shuffle,1s,1.791,42.81,0.11,1.05,17.10525344545667,True,-1
Neuropixels2.0,384,732.2759,int16,zstd,numcodecs,low,no,10s,1.16,9.35,0.31,0.27,78.31827807486631,False,-1
Neuropixels2.0,384,732.2759,int16,zstd,numcodecs,low,no,10s,1.349,43.96,0.31,0.85,16.657777525022748,True,-1
Neuropixels2.0,384,732.2759,int16,zstd,numcodecs,low,shuffle,10s,1.551,10.76,0.45,0.47,68.05538104089219,False,-1
Neuropixels2.0,384,732.2759,int16,zstd,numcodecs,low,shuffle,10s,1.791,44.52,0.46,1.12,16.448245732255163,True,-1
Neuropixels2.0,384,732.2759,int16,zstd,numcodecs,medium,no,0.1s,1.226,138.46,0.03,0.28,5.2887180413115695,False,-1
Neuropixels2.0,384,732.2759,int16,zstd,numcodecs,medium,no,0.1s,1.551,205.15,0.09,0.91,3.569465756763344,True,-1
Neuropixels2.0,384,732.2759,int16,zstd,numcodecs,medium,shuffle,0.1s,1.592,64.91,0.04,0.32,11.281403481743954,False,-1
Neuropixels2.0,384,732.2759,int16,zstd,numcodecs,medium,shuffle,0.1s,1.825,80.42,0.1,0.93,9.105644118378512,True,-1
Neuropixels2.0,384,732.2759,int16,zstd,numcodecs,medium,no,1s,1.268,203.56,0.03,0.3,3.597346728237375,False,-1
Neuropixels2.0,384,732.2759,int16,zstd,numcodecs,medium,no,1s,1.576,333.91,0.1,0.98,2.193033751609715,True,-1
Neuropixels2.0,384,732.2759,int16,zstd,numcodecs,medium,shuffle,1s,1.595,75.17,0.05,0.43,9.741597711853132,False,-1
Neuropixels2.0,384,732.2759,int16,zstd,numcodecs,medium,shuffle,1s,1.826,82.59,0.12,1.02,8.866399079791742,True,-1
Neuropixels2.0,384,732.2759,int16,zstd,numcodecs,medium,no,10s,1.273,217.62,0.4,0.34,3.364929234445363,False,-1
Neuropixels2.0,384,732.2759,int16,zstd,numcodecs,medium,no,10s,1.579,353.21,0.49,0.96,2.073202627332182,True,-1
Neuropixels2.0,384,732.2759,int16,zstd,numcodecs,medium,shuffle,10s,1.595,80.94,0.41,0.44,9.04714479861626,False,-1
Neuropixels2.0,384,732.2759,int16,zstd,numcodecs,medium,shuffle,10s,1.826,82.96,0.45,1.05,8.826855110896819,True,-1
Neuropixels2.0,384,732.2759,int16,zstd,numcodecs,high,no,0.1s,1.24,386.67,0.03,0.32,1.8938006568908887,False,-1
Neuropixels2.0,384,732.2759,int16,zstd,numcodecs,high,no,0.1s,1.547,446.68,0.09,0.92,1.6393747201576072,True,-1
Neuropixels2.0,384,732.2759,int16,zstd,numcodecs,high,shuffle,0.1s,1.662,286.35,0.05,0.48,2.557275711541819,False,-1
Neuropixels2.0,384,732.2759,int16,zstd,numcodecs,high,shuffle,0.1s,1.859,372.99,0.1,0.96,1.9632588005040348,True,-1
Neuropixels2.0,384,732.2759,int16,zstd,numcodecs,high,no,1s,1.364,880.02,0.04,0.4,0.8321127928910707,False,-1
Neuropixels2.0,384,732.2759,int16,zstd,numcodecs,high,no,1s,1.632,1086.28,0.11,1.11,0.6741133961777811,True,-1
Neuropixels2.0,384,732.2759,int16,zstd,numcodecs,high,shuffle,1s,1.665,446.92,0.06,0.58,1.6384943614069631,False,-1
Neuropixels2.0,384,732.2759,int16,zstd,numcodecs,high,shuffle,1s,1.861,441.06,0.11,1.07,1.660263682945631,True,-1
Neuropixels2.0,384,732.2759,int16,zstd,numcodecs,high,no,10s,1.412,1756.35,0.8,0.66,0.4169305092948444,False,-1
Neuropixels2.0,384,732.2759,int16,zstd,numcodecs,high,no,10s,1.67,1831.27,0.66,1.13,0.3998732573569162,True,-1
Neuropixels2.0,384,732.2759,int16,zstd,numcodecs,high,shuffle,10s,1.666,768.87,0.58,0.61,0.9524053481082628,False,-1
Neuropixels2.0,384,732.2759,int16,zstd,numcodecs,high,shuffle,10s,1.862,635.35,0.47,1.05,1.1525551270953018,True,-1
Neuropixels2.0,384,732.2759,int16,zlib,numcodecs,low,no,0.1s,1.237,33.71,0.09,0.87,21.72280925541382,False,-1
Neuropixels2.0,384,732.2759,int16,zlib,numcodecs,low,no,0.1s,1.403,35.7,0.15,1.44,20.511929971988792,True,-1
Neuropixels2.0,384,732.2759,int16,zlib,numcodecs,low,shuffle,0.1s,1.469,27.15,0.08,0.81,26.97148802946593,False,-1
Neuropixels2.0,384,732.2759,int16,zlib,numcodecs,low,shuffle,0.1s,1.723,30.54,0.13,1.3,23.977599869024232,True,-1
Neuropixels2.0,384,732.2759,int16,zlib,numcodecs,low,no,1s,1.237,34.49,0.1,0.93,21.231542476080023,False,-1
Neuropixels2.0,384,732.2759,int16,zlib,numcodecs,low,no,1s,1.403,45.65,0.17,1.54,16.041093099671414,True,-1
Neuropixels2.0,384,732.2759,int16,zlib,numcodecs,low,shuffle,1s,1.47,27.68,0.09,0.89,26.455054190751444,False,-1
Neuropixels2.0,384,732.2759,int16,zlib,numcodecs,low,shuffle,1s,1.725,40.78,0.14,1.38,17.956741049534084,True,-1
Neuropixels2.0,384,732.2759,int16,zlib,numcodecs,low,no,10s,1.237,38.23,0.93,0.95,19.154483390007847,False,-1
Neuropixels2.0,384,732.2759,int16,zlib,numcodecs,low,no,10s,1.403,53.48,0.95,1.54,13.692518698578908,True,-1
Neuropixels2.0,384,732.2759,int16,zlib,numcodecs,low,shuffle,10s,1.47,31.76,0.87,0.91,23.056545969773296,False,-1
Neuropixels2.0,384,732.2759,int16,zlib,numcodecs,low,shuffle,10s,1.725,53.08,0.83,1.41,13.795702712886207,True,-1
Neuropixels2.0,384,732.2759,int16,zlib,numcodecs,medium,no,0.1s,1.204,48.84,0.09,0.92,14.993364045864045,False,-1
Neuropixels2.0,384,732.2759,int16,zlib,numcodecs,medium,no,0.1s,1.412,59.43,0.15,1.43,12.321654046777722,True,-1
Neuropixels2.0,384,732.2759,int16,zlib,numcodecs,medium,shuffle,0.1s,1.576,39.16,0.08,0.8,18.69958886618999,False,-1
Neuropixels2.0,384,732.2759,int16,zlib,numcodecs,medium,shuffle,0.1s,1.806,36.06,0.13,1.28,20.30715196894065,True,-1
Neuropixels2.0,384,732.2759,int16,zlib,numcodecs,medium,no,1s,1.204,49.87,0.1,0.98,14.683695608582314,False,-1
Neuropixels2.0,384,732.2759,int16,zlib,numcodecs,medium,no,1s,1.413,67.58,0.16,1.5,10.835689553122226,True,-1
Neuropixels2.0,384,732.2759,int16,zlib,numcodecs,medium,shuffle,1s,1.578,39.2,0.09,0.86,18.680507653061223,False,-1
Neuropixels2.0,384,732.2759,int16,zlib,numcodecs,medium,shuffle,1s,1.808,44.62,0.14,1.32,16.41138278798745,True,-1
Neuropixels2.0,384,732.2759,int16,zlib,numcodecs,medium,no,10s,1.204,54.11,0.97,1.0,13.533097394197004,False,-1
Neuropixels2.0,384,732.2759,int16,zlib,numcodecs,medium,no,10s,1.413,82.98,0.96,1.53,8.824727645215713,True,-1
Neuropixels2.0,384,732.2759,int16,zlib,numcodecs,medium,shuffle,10s,1.578,43.4,0.84,0.86,16.872716589861753,False,-1
Neuropixels2.0,384,732.2759,int16,zlib,numcodecs,medium,shuffle,10s,1.808,57.69,0.8,1.37,12.693289998266598,True,-1
Neuropixels2.0,384,732.2759,int16,zlib,numcodecs,high,no,0.1s,1.204,48.69,0.09,0.92,15.039554323269666,False,-1
Neuropixels2.0,384,732.2759,int16,zlib,numcodecs,high,no,0.1s,1.416,66.29,0.15,1.4,11.04655151606577,True,-1
Neuropixels2.0,384,732.2759,int16,zlib,numcodecs,high,shuffle,0.1s,1.578,47.17,0.08,0.8,15.524186983252068,False,-1
Neuropixels2.0,384,732.2759,int16,zlib,numcodecs,high,shuffle,0.1s,1.84,259.73,0.12,1.24,2.81937358025642,True,-1
Neuropixels2.0,384,732.2759,int16,zlib,numcodecs,high,no,1s,1.204,49.72,0.11,0.99,14.727994770716007,False,-1
Neuropixels2.0,384,732.2759,int16,zlib,numcodecs,high,no,1s,1.416,70.71,0.16,1.5,10.35604440673172,True,-1
Neuropixels2.0,384,732.2759,int16,zlib,numcodecs,high,shuffle,1s,1.58,47.97,0.09,0.87,15.26528872211799,False,-1
Neuropixels2.0,384,732.2759,int16,zlib,numcodecs,high,shuffle,1s,1.841,265.81,0.14,1.31,2.754884692073285,True,-1
Neuropixels2.0,384,732.2759,int16,zlib,numcodecs,high,no,10s,1.204,53.84,0.99,1.02,13.600963967310548,False,-1
Neuropixels2.0,384,732.2759,int16,zlib,numcodecs,high,no,10s,1.416,86.23,0.95,1.52,8.492124550620433,True,-1
Neuropixels2.0,384,732.2759,int16,zlib,numcodecs,high,shuffle,10s,1.581,52.71,0.86,0.88,13.892542212103963,False,-1
Neuropixels2.0,384,732.2759,int16,zlib,numcodecs,high,shuffle,10s,1.842,291.52,0.75,1.33,2.5119233671789245,True,-1
Neuropixels2.0,384,732.2759,int16,lz4,numcodecs,low,no,0.1s,0.996,5.76,0.01,0.05,127.13123263888887,False,-1
Neuropixels2.0,384,732.2759,int16,lz4,numcodecs,low,no,0.1s,0.997,32.83,0.07,0.68,22.305083764849226,True,-1
Neuropixels2.0,384,732.2759,int16,lz4,numcodecs,low,shuffle,0.1s,1.343,6.82,0.03,0.27,107.37183284457475,False,-1
Neuropixels2.0,384,732.2759,int16,lz4,numcodecs,low,shuffle,0.1s,1.57,33.7,0.09,0.9,21.729255192878338,True,-1
Neuropixels2.0,384,732.2759,int16,lz4,numcodecs,low,no,1s,0.996,15.32,0.01,0.06,47.798687989556136,False,-1
Neuropixels2.0,384,732.2759,int16,lz4,numcodecs,low,no,1s,0.997,41.6,0.07,0.67,17.602786057692306,True,-1
Neuropixels2.0,384,732.2759,int16,lz4,numcodecs,low,shuffle,1s,1.352,8.91,0.05,0.4,82.18584736251402,False,-1
Neuropixels2.0,384,732.2759,int16,lz4,numcodecs,low,shuffle,1s,1.571,42.22,0.1,1.01,17.34428943628612,True,-1
Neuropixels2.0,384,732.2759,int16,lz4,numcodecs,low,no,10s,0.996,10.35,0.14,0.1,70.75129468599035,False,-1
Neuropixels2.0,384,732.2759,int16,lz4,numcodecs,low,no,10s,0.997,45.29,0.23,0.75,16.168600132479575,True,-1
Neuropixels2.0,384,732.2759,int16,lz4,numcodecs,low,shuffle,10s,1.35,10.52,0.36,0.39,69.60797528517111,False,-1
Neuropixels2.0,384,732.2759,int16,lz4,numcodecs,low,shuffle,10s,1.571,43.89,0.44,1.02,16.68434495329232,True,-1
Neuropixels2.0,384,732.2759,int16,lz4,numcodecs,medium,no,0.1s,0.996,5.97,0.01,0.05,122.65927973199332,False,-1
Neuropixels2.0,384,732.2759,int16,lz4,numcodecs,medium,no,0.1s,0.997,32.99,0.07,0.67,22.19690512276448,True,-1
Neuropixels2.0,384,732.2759,int16,lz4,numcodecs,medium,shuffle,0.1s,1.283,7.6,0.03,0.26,96.35209210526315,False,-1
Neuropixels2.0,384,732.2759,int16,lz4,numcodecs,medium,shuffle,0.1s,1.57,33.37,0.09,0.89,21.944138447707523,True,-1
Neuropixels2.0,384,732.2759,int16,lz4,numcodecs,medium,no,1s,0.996,17.7,0.01,0.06,41.3715197740113,False,-1
Neuropixels2.0,384,732.2759,int16,lz4,numcodecs,medium,no,1s,0.997,44.15,0.07,0.69,16.586090600226502,True,-1
Neuropixels2.0,384,732.2759,int16,lz4,numcodecs,medium,shuffle,1s,1.291,9.18,0.04,0.39,79.7686165577342,False,-1
Neuropixels2.0,384,732.2759,int16,lz4,numcodecs,medium,shuffle,1s,1.571,42.17,0.1,1.02,17.364854161726345,True,-1
Neuropixels2.0,384,732.2759,int16,lz4,numcodecs,medium,no,10s,0.996,10.76,0.15,0.1,68.05538104089219,False,-1
Neuropixels2.0,384,732.2759,int16,lz4,numcodecs,medium,no,10s,0.996,44.7,0.23,0.75,16.382011185682327,True,-1
Neuropixels2.0,384,732.2759,int16,lz4,numcodecs,medium,shuffle,10s,1.289,10.58,0.35,0.39,69.21322306238186,False,-1
Neuropixels2.0,384,732.2759,int16,lz4,numcodecs,medium,shuffle,10s,1.571,43.94,0.43,1.03,16.665359581247156,True,-1
Neuropixels2.0,384,732.2759,int16,lz4,numcodecs,high,no,0.1s,0.996,5.81,0.01,0.05,126.03716006884682,False,-1
Neuropixels2.0,384,732.2759,int16,lz4,numcodecs,high,no,0.1s,0.996,43.94,0.07,0.67,16.665359581247156,True,-1
Neuropixels2.0,384,732.2759,int16,lz4,numcodecs,high,shuffle,0.1s,1.226,7.76,0.03,0.27,94.36545103092784,False,-1
Neuropixels2.0,384,732.2759,int16,lz4,numcodecs,high,shuffle,0.1s,1.57,33.69,0.09,0.89,21.73570495696052,True,-1
Neuropixels2.0,384,732.2759,int16,lz4,numcodecs,high,no,1s,0.996,30.21,0.01,0.06,24.23952002648129,False,-1
Neuropixels2.0,384,732.2759,int16,lz4,numcodecs,high,no,1s,0.996,41.68,0.07,0.67,17.56899952015355,True,-1
Neuropixels2.0,384,732.2759,int16,lz4,numcodecs,high,shuffle,1s,1.232,9.31,0.04,0.41,78.65476906552094,False,-1
Neuropixels2.0,384,732.2759,int16,lz4,numcodecs,high,shuffle,1s,1.57,42.11,0.11,1.02,17.389596295416766,True,-1
Neuropixels2.0,384,732.2759,int16,lz4,numcodecs,high,no,10s,0.996,10.57,0.17,0.11,69.27870387890255,False,-1
Neuropixels2.0,384,732.2759,int16,lz4,numcodecs,high,no,10s,0.996,44.75,0.3,0.83,16.363707262569832,True,-1
Neuropixels2.0,384,732.2759,int16,lz4,numcodecs,high,shuffle,10s,1.231,10.95,0.37,0.39,66.87451141552512,False,-1
Neuropixels2.0,384,732.2759,int16,lz4,numcodecs,high,shuffle,10s,1.57,43.76,0.43,1.01,16.73390996343693,True,-1
Neuropixels2.0,384,732.2759,int16,gzip,numcodecs,low,no,0.1s,1.237,34.39,0.12,1.14,21.29328002326257,False,-1
Neuropixels2.0,384,732.2759,int16,gzip,numcodecs,low,no,0.1s,1.403,36.1,0.17,1.68,20.28465096952909,True,-1
Neuropixels2.0,384,732.2759,int16,gzip,numcodecs,low,shuffle,0.1s,1.469,27.98,0.1,1.0,26.17140457469621,False,-1
Neuropixels2.0,384,732.2759,int16,gzip,numcodecs,low,shuffle,0.1s,1.723,31.16,0.15,1.47,23.500510269576377,True,-1
Neuropixels2.0,384,732.2759,int16,gzip,numcodecs,low,no,1s,1.237,34.93,0.12,1.16,20.964096764958487,False,-1
Neuropixels2.0,384,732.2759,int16,gzip,numcodecs,low,no,1s,1.403,47.61,0.18,1.71,15.380716236084856,True,-1
Neuropixels2.0,384,732.2759,int16,gzip,numcodecs,low,shuffle,1s,1.47,28.71,0.12,1.14,25.50595262974573,False,-1
Neuropixels2.0,384,732.2759,int16,gzip,numcodecs,low,shuffle,1s,1.725,44.35,0.15,1.44,16.511294250281846,True,-1
Neuropixels2.0,384,732.2759,int16,gzip,numcodecs,low,no,10s,1.237,39.61,1.28,1.24,18.48714718505428,False,-1
Neuropixels2.0,384,732.2759,int16,gzip,numcodecs,low,no,10s,1.403,62.72,1.31,1.8,11.675317283163263,True,-1
Neuropixels2.0,384,732.2759,int16,gzip,numcodecs,low,shuffle,10s,1.47,34.16,1.1,1.14,21.4366481264637,False,-1
Neuropixels2.0,384,732.2759,int16,gzip,numcodecs,low,shuffle,10s,1.725,57.41,1.04,1.6,12.755197700749,True,-1
Neuropixels2.0,384,732.2759,int16,gzip,numcodecs,medium,no,0.1s,1.204,49.79,0.11,1.11,14.70728861217112,False,-1
Neuropixels2.0,384,732.2759,int16,gzip,numcodecs,medium,no,0.1s,1.412,60.41,0.17,1.61,12.1217662638636,True,-1
Neuropixels2.0,384,732.2759,int16,gzip,numcodecs,medium,shuffle,0.1s,1.576,39.45,0.09,0.94,18.56212674271229,False,-1
Neuropixels2.0,384,732.2759,int16,gzip,numcodecs,medium,shuffle,0.1s,1.806,36.38,0.14,1.41,20.128529411764703,True,-1
Neuropixels2.0,384,732.2759,int16,gzip,numcodecs,medium,no,1s,1.204,49.99,0.12,1.12,14.648447689537909,False,-1
Neuropixels2.0,384,732.2759,int16,gzip,numcodecs,medium,no,1s,1.413,68.58,0.17,1.65,10.677688830562849,True,-1
Neuropixels2.0,384,732.2759,int16,gzip,numcodecs,medium,shuffle,1s,1.578,39.5,0.11,1.0,18.538630379746834,False,-1
Neuropixels2.0,384,732.2759,int16,gzip,numcodecs,medium,shuffle,1s,1.808,44.97,0.15,1.44,16.283653546808985,True,-1
Neuropixels2.0,384,732.2759,int16,gzip,numcodecs,medium,no,10s,1.204,55.97,1.26,1.21,13.083364302304808,False,-1
Neuropixels2.0,384,732.2759,int16,gzip,numcodecs,medium,no,10s,1.413,88.98,1.27,1.74,8.229668464823556,True,-1
Neuropixels2.0,384,732.2759,int16,gzip,numcodecs,medium,shuffle,10s,1.578,44.97,1.11,1.13,16.283653546808985,False,-1
Neuropixels2.0,384,732.2759,int16,gzip,numcodecs,medium,shuffle,10s,1.808,63.16,0.99,1.57,11.593981950601648,True,-1
Neuropixels2.0,384,732.2759,int16,gzip,numcodecs,high,no,0.1s,1.204,49.32,0.11,1.09,14.847443227899433,False,-1
Neuropixels2.0,384,732.2759,int16,gzip,numcodecs,high,no,0.1s,1.416,67.0,0.17,1.65,10.92949104477612,True,-1
Neuropixels2.0,384,732.2759,int16,gzip,numcodecs,high,shuffle,0.1s,1.578,47.95,0.1,0.99,15.2716558915537,False,-1
Neuropixels2.0,384,732.2759,int16,gzip,numcodecs,high,shuffle,0.1s,1.84,259.9,0.14,1.4,2.8175294343978456,True,-1
Neuropixels2.0,384,732.2759,int16,gzip,numcodecs,high,no,1s,1.204,49.87,0.12,1.12,14.683695608582314,False,-1
Neuropixels2.0,384,732.2759,int16,gzip,numcodecs,high,no,1s,1.416,74.62,0.18,1.66,9.813399892790136,True,-1
Neuropixels2.0,384,732.2759,int16,gzip,numcodecs,high,shuffle,1s,1.58,48.43,0.11,0.98,15.120295271525912,False,-1
Neuropixels2.0,384,732.2759,int16,gzip,numcodecs,high,shuffle,1s,1.841,265.55,0.15,1.37,2.7575819996234228,True,-1
Neuropixels2.0,384,732.2759,int16,gzip,numcodecs,high,no,10s,1.204,55.63,1.26,1.21,13.163327341362573,False,-1
Neuropixels2.0,384,732.2759,int16,gzip,numcodecs,high,no,10s,1.416,88.08,1.28,1.76,8.313759082652135,True,-1
Neuropixels2.0,384,732.2759,int16,gzip,numcodecs,high,shuffle,10s,1.581,54.48,1.1,1.14,13.4411875917768,False,-1
Neuropixels2.0,384,732.2759,int16,gzip,numcodecs,high,shuffle,10s,1.842,293.98,0.97,1.55,2.4909038029797945,True,-1
Neuropixels1.0,384,770.4136,int16,zstd,numcodecs,low,no,0.1s,1.377,7.84,0.02,0.24,98.26704081632651,False,-1
Neuropixels1.0,384,770.4136,int16,zstd,numcodecs,low,no,0.1s,2.119,35.25,0.08,1.25,21.855704964539008,True,-1
Neuropixels1.0,384,770.4136,int16,zstd,numcodecs,low,shuffle,0.1s,1.711,7.08,0.04,0.33,108.8154802259887,False,-1
Neuropixels1.0,384,770.4136,int16,zstd,numcodecs,low,shuffle,0.1s,2.293,37.0,0.1,1.04,20.82198918918919,True,-1
Neuropixels1.0,384,770.4136,int16,zstd,numcodecs,low,no,1s,1.377,7.07,0.02,0.19,108.96939179632248,False,-1
Neuropixels1.0,384,770.4136,int16,zstd,numcodecs,low,no,1s,2.119,40.51,0.08,0.82,19.01786225623303,True,-1
Neuropixels1.0,384,770.4136,int16,zstd,numcodecs,low,shuffle,1s,1.713,8.41,0.04,0.35,91.60684898929846,False,-1
Neuropixels1.0,384,770.4136,int16,zstd,numcodecs,low,shuffle,1s,2.292,43.12,0.11,1.05,17.86673469387755,True,-1
Neuropixels1.0,384,770.4136,int16,zstd,numcodecs,low,no,10s,1.377,9.48,0.28,0.25,81.26725738396624,False,-1
Neuropixels1.0,384,770.4136,int16,zstd,numcodecs,low,no,10s,2.119,45.32,0.32,0.85,16.999417475728155,True,-1
Neuropixels1.0,384,770.4136,int16,zstd,numcodecs,low,shuffle,10s,1.713,10.44,0.43,0.46,73.7944061302682,False,-1
Neuropixels1.0,384,770.4136,int16,zstd,numcodecs,low,shuffle,10s,2.292,45.04,0.53,1.13,17.105097690941385,True,-1
Neuropixels1.0,384,770.4136,int16,zstd,numcodecs,medium,no,0.1s,1.591,184.42,0.03,0.27,4.17749484871489,False,-1
Neuropixels1.0,384,770.4136,int16,zstd,numcodecs,medium,no,0.1s,2.502,152.04,0.09,0.85,5.067177058668771,True,-1
Neuropixels1.0,384,770.4136,int16,zstd,numcodecs,medium,shuffle,0.1s,1.752,63.19,0.03,0.3,12.192017724323469,False,-1
Neuropixels1.0,384,770.4136,int16,zstd,numcodecs,medium,shuffle,0.1s,2.407,96.49,0.1,1.01,7.984388019483885,True,-1
Neuropixels1.0,384,770.4136,int16,zstd,numcodecs,medium,no,1s,1.648,290.49,0.03,0.28,2.6521174567110744,False,-1
Neuropixels1.0,384,770.4136,int16,zstd,numcodecs,medium,no,1s,2.522,223.18,0.09,0.85,3.451983152612241,True,-1
Neuropixels1.0,384,770.4136,int16,zstd,numcodecs,medium,shuffle,1s,1.753,95.27,0.04,0.32,8.086633777684476,False,-1
Neuropixels1.0,384,770.4136,int16,zstd,numcodecs,medium,shuffle,1s,2.505,143.56,0.11,1.06,5.366492059069379,True,-1
Neuropixels1.0,384,770.4136,int16,zstd,numcodecs,medium,no,10s,1.654,306.58,0.38,0.32,2.5129284362972144,False,-1
Neuropixels1.0,384,770.4136,int16,zstd,numcodecs,medium,no,10s,2.524,228.17,0.36,0.86,3.3764894596134463,True,-1
Neuropixels1.0,384,770.4136,int16,zstd,numcodecs,medium,shuffle,10s,1.753,109.36,0.39,0.42,7.04474762253109,False,-1
Neuropixels1.0,384,770.4136,int16,zstd,numcodecs,medium,shuffle,10s,2.523,157.91,0.57,1.19,4.878814514596923,True,-1
Neuropixels1.0,384,770.4136,int16,zstd,numcodecs,high,no,0.1s,1.629,461.79,0.03,0.33,1.6683202321401502,False,-1
Neuropixels1.0,384,770.4136,int16,zstd,numcodecs,high,no,0.1s,2.692,502.03,0.09,0.87,1.534596737246778,True,-1
Neuropixels1.0,384,770.4136,int16,zstd,numcodecs,high,shuffle,0.1s,1.811,366.87,0.04,0.33,2.099963474800338,False,-1
Neuropixels1.0,384,770.4136,int16,zstd,numcodecs,high,shuffle,0.1s,2.631,486.19,0.11,1.06,1.5845936773689298,True,-1
Neuropixels1.0,384,770.4136,int16,zstd,numcodecs,high,no,1s,1.769,1078.35,0.03,0.31,0.7144374275513516,False,-1
Neuropixels1.0,384,770.4136,int16,zstd,numcodecs,high,no,1s,2.785,1246.27,0.09,0.87,0.618175515738965,True,-1
Neuropixels1.0,384,770.4136,int16,zstd,numcodecs,high,shuffle,1s,1.859,492.14,0.04,0.36,1.5654358515869469,False,-1
Neuropixels1.0,384,770.4136,int16,zstd,numcodecs,high,shuffle,1s,2.697,802.03,0.11,1.07,0.9605795294440358,True,-1
Neuropixels1.0,384,770.4136,int16,zstd,numcodecs,high,no,10s,1.909,1841.74,0.69,0.59,0.4183074701097874,False,-1
Neuropixels1.0,384,770.4136,int16,zstd,numcodecs,high,no,10s,2.858,2057.8,0.56,1.03,0.3743870152590144,True,-1
Neuropixels1.0,384,770.4136,int16,zstd,numcodecs,high,shuffle,10s,1.938,773.01,0.68,0.7,0.9966411818734556,False,-1
Neuropixels1.0,384,770.4136,int16,zstd,numcodecs,high,shuffle,10s,2.755,1392.08,0.72,1.32,0.5534262398712718,True,-1
Neuropixels1.0,384,770.4136,int16,zlib,numcodecs,low,no,0.1s,1.45,28.08,0.08,0.85,27.436381766381768,False,-1
Neuropixels1.0,384,770.4136,int16,zlib,numcodecs,low,no,0.1s,2.369,33.78,0.12,1.14,22.806796921255177,True,-1
Neuropixels1.0,384,770.4136,int16,zlib,numcodecs,low,shuffle,0.1s,1.689,26.63,0.08,0.77,28.93028914757792,False,-1
Neuropixels1.0,384,770.4136,int16,zlib,numcodecs,low,shuffle,0.1s,2.42,32.51,0.14,1.41,23.69774223315903,True,-1
Neuropixels1.0,384,770.4136,int16,zlib,numcodecs,low,no,1s,1.45,28.1,0.09,0.86,27.416854092526687,False,-1
Neuropixels1.0,384,770.4136,int16,zlib,numcodecs,low,no,1s,2.37,43.63,0.12,1.17,17.657886775154708,True,-1
Neuropixels1.0,384,770.4136,int16,zlib,numcodecs,low,shuffle,1s,1.69,26.7,0.09,0.79,28.854441947565544,False,-1
Neuropixels1.0,384,770.4136,int16,zlib,numcodecs,low,shuffle,1s,2.425,42.17,0.15,1.43,18.26923405264406,True,-1
Neuropixels1.0,384,770.4136,int16,zlib,numcodecs,low,no,10s,1.45,30.4,0.91,0.94,25.342552631578947,False,-1
Neuropixels1.0,384,770.4136,int16,zlib,numcodecs,low,no,10s,2.369,50.28,0.63,1.23,15.322466189339696,True,-1
Neuropixels1.0,384,770.4136,int16,zlib,numcodecs,low,shuffle,10s,1.69,29.62,0.85,0.88,26.00991222147197,False,-1
Neuropixels1.0,384,770.4136,int16,zlib,numcodecs,low,shuffle,10s,2.425,52.32,0.92,1.55,14.725030581039755,True,-1
Neuropixels1.0,384,770.4136,int16,zlib,numcodecs,medium,no,0.1s,1.473,58.51,0.08,0.79,13.167212442317553,False,-1
Neuropixels1.0,384,770.4136,int16,zlib,numcodecs,medium,no,0.1s,2.375,56.65,0.12,1.22,13.599533980582525,True,-1
Neuropixels1.0,384,770.4136,int16,zlib,numcodecs,medium,shuffle,0.1s,1.753,37.83,0.08,0.74,20.365149352365847,False,-1
Neuropixels1.0,384,770.4136,int16,zlib,numcodecs,medium,shuffle,0.1s,2.526,42.55,0.15,1.46,18.10607755581669,True,-1
Neuropixels1.0,384,770.4136,int16,zlib,numcodecs,medium,no,1s,1.473,58.65,0.09,0.8,13.135781756180734,False,-1
Neuropixels1.0,384,770.4136,int16,zlib,numcodecs,medium,no,1s,2.376,62.06,0.13,1.23,12.41401224621334,True,-1
Neuropixels1.0,384,770.4136,int16,zlib,numcodecs,medium,shuffle,1s,1.755,37.96,0.08,0.75,20.29540569020021,False,-1
Neuropixels1.0,384,770.4136,int16,zlib,numcodecs,medium,shuffle,1s,2.53,49.13,0.15,1.48,15.681123549765926,True,-1
Neuropixels1.0,384,770.4136,int16,zlib,numcodecs,medium,no,10s,1.473,62.3,0.86,0.88,12.36618940609952,False,-1
Neuropixels1.0,384,770.4136,int16,zlib,numcodecs,medium,no,10s,2.376,73.21,0.69,1.31,10.523338341756592,True,-1
Neuropixels1.0,384,770.4136,int16,zlib,numcodecs,medium,shuffle,10s,1.755,41.12,0.81,0.84,18.73573929961089,False,-1
Neuropixels1.0,384,770.4136,int16,zlib,numcodecs,medium,shuffle,10s,2.53,62.16,0.95,1.56,12.394041184041184,True,-1
Neuropixels1.0,384,770.4136,int16,zlib,numcodecs,high,no,0.1s,1.476,66.7,0.08,0.78,11.550428785607195,False,-1
Neuropixels1.0,384,770.4136,int16,zlib,numcodecs,high,no,0.1s,2.389,235.73,0.12,1.17,3.2682034531031263,True,-1
Neuropixels1.0,384,770.4136,int16,zlib,numcodecs,high,shuffle,0.1s,1.773,504.82,0.07,0.7,1.526115447090052,False,-1
Neuropixels1.0,384,770.4136,int16,zlib,numcodecs,high,shuffle,0.1s,2.563,376.21,0.14,1.39,2.0478286063634674,True,-1
Neuropixels1.0,384,770.4136,int16,zlib,numcodecs,high,no,1s,1.476,68.85,0.08,0.79,11.189740014524329,False,-1
Neuropixels1.0,384,770.4136,int16,zlib,numcodecs,high,no,1s,2.39,243.45,0.12,1.18,3.1645660299856235,True,-1
Neuropixels1.0,384,770.4136,int16,zlib,numcodecs,high,shuffle,1s,1.775,510.14,0.08,0.71,1.5102003371623476,False,-1
Neuropixels1.0,384,770.4136,int16,zlib,numcodecs,high,shuffle,1s,2.567,381.8,0.15,1.43,2.017845992666317,True,-1
Neuropixels1.0,384,770.4136,int16,zlib,numcodecs,high,no,10s,1.476,70.56,0.85,0.88,10.918560090702949,False,-1
Neuropixels1.0,384,770.4136,int16,zlib,numcodecs,high,no,10s,2.391,260.1,0.66,1.26,2.961990003844675,True,-1
Neuropixels1.0,384,770.4136,int16,zlib,numcodecs,high,shuffle,10s,1.775,533.53,0.78,0.8,1.4439930275710833,False,-1
Neuropixels1.0,384,770.4136,int16,zlib,numcodecs,high,shuffle,10s,2.567,405.41,0.89,1.51,1.900332009570558,True,-1
Neuropixels1.0,384,770.4136,int16,lz4,numcodecs,low,no,0.1s,1.01,6.18,0.01,0.05,124.66239482200648,False,-1
Neuropixels1.0,384,770.4136,int16,lz4,numcodecs,low,no,0.1s,1.509,35.99,0.07,0.73,21.40632397888302,True,-1
Neuropixels1.0,384,770.4136,int16,lz4,numcodecs,low,shuffle,0.1s,1.483,7.14,0.03,0.28,107.90106442577031,False,-1
Neuropixels1.0,384,770.4136,int16,lz4,numcodecs,low,shuffle,0.1s,1.644,37.41,0.09,0.92,20.59378775728415,True,-1
Neuropixels1.0,384,770.4136,int16,lz4,numcodecs,low,no,1s,1.01,8.0,0.01,0.06,96.3017,False,-1
Neuropixels1.0,384,770.4136,int16,lz4,numcodecs,low,no,1s,1.51,41.56,0.08,0.74,18.53738209817132,True,-1
Neuropixels1.0,384,770.4136,int16,lz4,numcodecs,low,shuffle,1s,1.484,9.21,0.04,0.3,83.64968512486426,False,-1
Neuropixels1.0,384,770.4136,int16,lz4,numcodecs,low,shuffle,1s,1.644,43.77,0.1,0.91,17.601407356636965,True,-1
Neuropixels1.0,384,770.4136,int16,lz4,numcodecs,low,no,10s,1.01,10.76,0.15,0.11,71.59977695167287,False,-1
Neuropixels1.0,384,770.4136,int16,lz4,numcodecs,low,no,10s,1.51,44.86,0.23,0.76,17.173731609451625,True,-1
Neuropixels1.0,384,770.4136,int16,lz4,numcodecs,low,shuffle,10s,1.484,10.69,0.38,0.42,72.0686248830683,False,-1
Neuropixels1.0,384,770.4136,int16,lz4,numcodecs,low,shuffle,10s,1.644,46.58,0.45,1.04,16.539579218548734,True,-1
Neuropixels1.0,384,770.4136,int16,lz4,numcodecs,medium,no,0.1s,0.999,6.25,0.01,0.05,123.266176,False,-1
Neuropixels1.0,384,770.4136,int16,lz4,numcodecs,medium,no,0.1s,1.338,33.25,0.07,0.75,23.170333834586465,True,-1
Neuropixels1.0,384,770.4136,int16,lz4,numcodecs,medium,shuffle,0.1s,1.483,7.09,0.03,0.29,108.66200282087446,False,-1
Neuropixels1.0,384,770.4136,int16,lz4,numcodecs,medium,shuffle,0.1s,1.644,35.48,0.09,0.92,21.71402480270575,True,-1
Neuropixels1.0,384,770.4136,int16,lz4,numcodecs,medium,no,1s,0.999,8.91,0.01,0.06,86.46617283950617,False,-1
Neuropixels1.0,384,770.4136,int16,lz4,numcodecs,medium,no,1s,1.339,42.19,0.08,0.73,18.26057359563878,True,-1
Neuropixels1.0,384,770.4136,int16,lz4,numcodecs,medium,shuffle,1s,1.483,8.57,0.04,0.3,89.89656942823804,False,-1
Neuropixels1.0,384,770.4136,int16,lz4,numcodecs,medium,shuffle,1s,1.644,43.8,0.1,0.92,17.589351598173515,True,-1
Neuropixels1.0,384,770.4136,int16,lz4,numcodecs,medium,no,10s,0.999,10.61,0.14,0.11,72.61202639019793,False,-1
Neuropixels1.0,384,770.4136,int16,lz4,numcodecs,medium,no,10s,1.339,45.27,0.23,0.77,17.018193063839185,True,-1
Neuropixels1.0,384,770.4136,int16,lz4,numcodecs,medium,shuffle,10s,1.483,10.58,0.39,0.42,72.81792060491493,False,-1
Neuropixels1.0,384,770.4136,int16,lz4,numcodecs,medium,shuffle,10s,1.644,46.13,0.44,1.07,16.700923477129848,True,-1
Neuropixels1.0,384,770.4136,int16,lz4,numcodecs,high,no,0.1s,0.997,6.2,0.01,0.04,124.26025806451612,False,-1
Neuropixels1.0,384,770.4136,int16,lz4,numcodecs,high,no,0.1s,1.254,44.84,0.07,0.73,17.181391614629792,True,-1
Neuropixels1.0,384,770.4136,int16,lz4,numcodecs,high,shuffle,0.1s,1.481,7.02,0.03,0.29,109.74552706552709,False,-1
Neuropixels1.0,384,770.4136,int16,lz4,numcodecs,high,shuffle,0.1s,1.644,35.41,0.09,0.9,21.756950014120303,True,-1
Neuropixels1.0,384,770.4136,int16,lz4,numcodecs,high,no,1s,0.997,9.07,0.01,0.08,84.94085997794927,False,-1
Neuropixels1.0,384,770.4136,int16,lz4,numcodecs,high,no,1s,1.256,42.38,0.08,0.73,18.178706937234544,True,-1
Neuropixels1.0,384,770.4136,int16,lz4,numcodecs,high,shuffle,1s,1.482,9.2,0.04,0.3,83.74060869565217,False,-1
Neuropixels1.0,384,770.4136,int16,lz4,numcodecs,high,shuffle,1s,1.644,43.79,0.1,0.91,17.593368348938114,True,-1
Neuropixels1.0,384,770.4136,int16,lz4,numcodecs,high,no,10s,0.997,10.48,0.14,0.11,73.51274809160304,False,-1
Neuropixels1.0,384,770.4136,int16,lz4,numcodecs,high,no,10s,1.256,45.35,0.23,0.77,16.988171995589855,True,-1
Neuropixels1.0,384,770.4136,int16,lz4,numcodecs,high,shuffle,10s,1.482,10.78,0.41,0.43,71.4669387755102,False,-1
Neuropixels1.0,384,770.4136,int16,lz4,numcodecs,high,shuffle,10s,1.644,45.96,0.43,1.02,16.762697998259355,True,-1
Neuropixels1.0,384,770.4136,int16,gzip,numcodecs,low,no,0.1s,1.45,28.81,0.11,1.06,26.74118708781673,False,-1
Neuropixels1.0,384,770.4136,int16,gzip,numcodecs,low,no,0.1s,2.369,35.67,0.14,1.36,21.5983627698346,True,-1
Neuropixels1.0,384,770.4136,int16,gzip,numcodecs,low,shuffle,0.1s,1.689,27.36,0.09,0.93,28.158391812865496,False,-1
Neuropixels1.0,384,770.4136,int16,gzip,numcodecs,low,shuffle,0.1s,2.42,30.89,0.16,1.65,24.94055033991583,True,-1
Neuropixels1.0,384,770.4136,int16,gzip,numcodecs,low,no,1s,1.45,28.92,0.11,1.07,26.639474412171506,False,-1
Neuropixels1.0,384,770.4136,int16,gzip,numcodecs,low,no,1s,2.37,42.85,0.14,1.35,17.979313885647606,True,-1
Neuropixels1.0,384,770.4136,int16,gzip,numcodecs,low,shuffle,1s,1.69,27.19,0.1,1.06,28.33444648767929,False,-1
Neuropixels1.0,384,770.4136,int16,gzip,numcodecs,low,shuffle,1s,2.425,43.83,0.18,1.78,17.577312343143966,True,-1
Neuropixels1.0,384,770.4136,int16,gzip,numcodecs,low,no,10s,1.45,32.85,1.25,1.17,23.452468797564688,False,-1
Neuropixels1.0,384,770.4136,int16,gzip,numcodecs,low,no,10s,2.369,53.59,0.96,1.47,14.37607016234372,True,-1
Neuropixels1.0,384,770.4136,int16,gzip,numcodecs,low,shuffle,10s,1.69,31.45,1.08,1.12,24.49645786963434,False,-1
Neuropixels1.0,384,770.4136,int16,gzip,numcodecs,low,shuffle,10s,2.425,52.53,1.23,1.85,14.666164096706645,True,-1
Neuropixels1.0,384,770.4136,int16,gzip,numcodecs,medium,no,0.1s,1.473,59.23,0.1,0.99,13.007151781191965,False,-1
Neuropixels1.0,384,770.4136,int16,gzip,numcodecs,medium,no,0.1s,2.375,56.24,0.14,1.41,13.698677098150782,True,-1
Neuropixels1.0,384,770.4136,int16,gzip,numcodecs,medium,shuffle,0.1s,1.753,38.36,0.09,0.89,20.083774765380603,False,-1
Neuropixels1.0,384,770.4136,int16,gzip,numcodecs,medium,shuffle,0.1s,2.526,42.91,0.16,1.65,17.954173852248893,True,-1
Neuropixels1.0,384,770.4136,int16,gzip,numcodecs,medium,no,1s,1.473,59.52,0.1,1.01,12.94377688172043,False,-1
Neuropixels1.0,384,770.4136,int16,gzip,numcodecs,medium,no,1s,2.376,67.25,0.14,1.42,11.455964312267657,True,-1
Neuropixels1.0,384,770.4136,int16,gzip,numcodecs,medium,shuffle,1s,1.755,38.54,0.1,1.03,19.98997405293202,False,-1
Neuropixels1.0,384,770.4136,int16,gzip,numcodecs,medium,shuffle,1s,2.53,49.32,0.18,1.78,15.620713706407136,True,-1
Neuropixels1.0,384,770.4136,int16,gzip,numcodecs,medium,no,10s,1.473,63.95,1.17,1.1,12.047124315871772,False,-1
Neuropixels1.0,384,770.4136,int16,gzip,numcodecs,medium,no,10s,2.376,76.37,1.03,1.53,10.08790886473746,True,-1
Neuropixels1.0,384,770.4136,int16,gzip,numcodecs,medium,shuffle,10s,1.755,42.84,1.03,1.06,17.983510737628382,False,-1
Neuropixels1.0,384,770.4136,int16,gzip,numcodecs,medium,shuffle,10s,2.53,74.58,1.23,1.88,10.330029498525072,True,-1
Neuropixels1.0,384,770.4136,int16,gzip,numcodecs,high,no,0.1s,1.476,67.57,0.1,0.98,11.401710818410535,False,-1
Neuropixels1.0,384,770.4136,int16,gzip,numcodecs,high,no,0.1s,2.389,236.73,0.14,1.39,3.2543978371984963,True,-1
Neuropixels1.0,384,770.4136,int16,gzip,numcodecs,high,shuffle,0.1s,1.773,505.86,0.09,0.86,1.522977899023445,False,-1
Neuropixels1.0,384,770.4136,int16,gzip,numcodecs,high,shuffle,0.1s,2.563,376.57,0.16,1.63,2.045870887218844,True,-1
Neuropixels1.0,384,770.4136,int16,gzip,numcodecs,high,no,1s,1.476,67.97,0.1,1.0,11.334612328968662,False,-1
Neuropixels1.0,384,770.4136,int16,gzip,numcodecs,high,no,1s,2.39,244.09,0.14,1.4,3.1562685894547093,True,-1
Neuropixels1.0,384,770.4136,int16,gzip,numcodecs,high,shuffle,1s,1.775,510.58,0.1,0.98,1.5088988992910024,False,-1
Neuropixels1.0,384,770.4136,int16,gzip,numcodecs,high,shuffle,1s,2.567,382.44,0.18,1.74,2.0144691977826588,True,-1
Neuropixels1.0,384,770.4136,int16,gzip,numcodecs,high,no,10s,1.476,72.64,1.16,1.1,10.6059140969163,False,-1
Neuropixels1.0,384,770.4136,int16,gzip,numcodecs,high,no,10s,2.391,261.34,0.97,1.49,2.9479360220402544,True,-1
Neuropixels1.0,384,770.4136,int16,gzip,numcodecs,high,shuffle,10s,1.775,534.21,1.0,1.03,1.4421549577881356,False,-1
Neuropixels1.0,384,770.4136,int16,gzip,numcodecs,high,shuffle,10s,2.567,405.19,1.19,1.79,1.9013638046348629,True,-1
Neuropixels2.0,384,732.2759,int16,flac,audio,low,no,0.1s,1.287,13.81,0.12,1.15,53.0250470673425,False,-1
Neuropixels2.0,384,732.2759,int16,flac,audio,low,no,0.1s,1.937,39.4,0.17,1.72,18.585682741116752,True,-1
Neuropixels2.0,384,732.2759,int16,flac,audio,low,no,1s,1.286,15.24,0.13,1.2,48.04959973753281,False,-1
Neuropixels2.0,384,732.2759,int16,flac,audio,low,no,1s,1.936,48.31,0.18,1.8,15.157853446491409,True,-1
Neuropixels2.0,384,732.2759,int16,flac,audio,low,no,10s,1.286,20.82,1.33,1.31,35.17175312199808,False,-1
Neuropixels2.0,384,732.2759,int16,flac,audio,low,no,10s,1.935,52.64,1.21,1.78,13.911016337386018,True,-1
Neuropixels2.0,384,732.2759,int16,flac,audio,medium,no,0.1s,1.329,14.19,0.1,0.96,51.60506694855532,False,-1
Neuropixels2.0,384,732.2759,int16,flac,audio,medium,no,0.1s,2.043,38.78,0.16,1.5,18.882823620422897,True,-1
Neuropixels2.0,384,732.2759,int16,flac,audio,medium,no,1s,1.329,14.58,0.11,1.02,50.22468449931413,False,-1
Neuropixels2.0,384,732.2759,int16,flac,audio,medium,no,1s,2.043,46.5,0.16,1.56,15.7478688172043,True,-1
Neuropixels2.0,384,732.2759,int16,flac,audio,medium,no,10s,1.329,19.93,1.1,1.13,36.74239337681887,False,-1
Neuropixels2.0,384,732.2759,int16,flac,audio,medium,no,10s,2.043,55.31,1.05,1.64,13.239484722473332,True,-1
Neuropixels2.0,384,732.2759,int16,flac,audio,high,no,0.1s,1.33,21.53,0.1,1.04,34.01188574082675,False,-1
Neuropixels2.0,384,732.2759,int16,flac,audio,high,no,0.1s,2.045,42.25,0.17,1.58,17.331973964497042,True,-1
Neuropixels2.0,384,732.2759,int16,flac,audio,high,no,1s,1.33,20.88,0.11,1.1,35.07068486590038,False,-1
Neuropixels2.0,384,732.2759,int16,flac,audio,high,no,1s,2.045,47.1,0.17,1.6,15.547259023354563,True,-1
Neuropixels2.0,384,732.2759,int16,flac,audio,high,no,10s,1.33,25.33,1.15,1.18,28.90943150414528,False,-1
Neuropixels2.0,384,732.2759,int16,flac,audio,high,no,10s,2.044,57.7,1.04,1.65,12.691090121317156,True,-1
Neuropixels2.0,384,732.2759,int16,flac,audio,low,no,0.1s,1.287,14.18,0.12,1.16,51.64145980253878,False,2
Neuropixels2.0,384,732.2759,int16,flac,audio,low,no,0.1s,1.937,40.43,0.18,1.72,18.112191441998515,True,2
Neuropixels2.0,384,732.2759,int16,flac,audio,low,no,1s,1.286,15.02,0.13,1.21,48.75338881491345,False,2
Neuropixels2.0,384,732.2759,int16,flac,audio,low,no,1s,1.936,46.39,0.19,1.82,15.785210174606595,True,2
Neuropixels2.0,384,732.2759,int16,flac,audio,low,no,10s,1.286,18.67,1.34,1.33,39.22206213176218,False,2
Neuropixels2.0,384,732.2759,int16,flac,audio,low,no,10s,1.935,51.88,1.27,1.8,14.114801464919044,True,2
Neuropixels2.0,384,732.2759,int16,flac,audio,medium,no,0.1s,1.329,14.44,0.1,0.98,50.71162742382271,False,2
Neuropixels2.0,384,732.2759,int16,flac,audio,medium,no,0.1s,2.043,40.56,0.16,1.49,18.054139546351085,True,2
Neuropixels2.0,384,732.2759,int16,flac,audio,medium,no,1s,1.329,14.81,0.11,1.02,49.44469277515192,False,2
Neuropixels2.0,384,732.2759,int16,flac,audio,medium,no,1s,2.043,48.39,0.17,1.56,15.132793965695392,True,2
Neuropixels2.0,384,732.2759,int16,flac,audio,medium,no,10s,1.329,19.27,1.09,1.1,38.0008251167618,False,2
Neuropixels2.0,384,732.2759,int16,flac,audio,medium,no,10s,2.043,53.76,1.01,1.61,13.62120349702381,True,2
Neuropixels2.0,384,732.2759,int16,flac,audio,high,no,0.1s,1.33,21.33,0.11,1.06,34.33079699953118,False,2
Neuropixels2.0,384,732.2759,int16,flac,audio,high,no,0.1s,2.045,41.93,0.17,1.57,17.464247555449557,True,2
Neuropixels2.0,384,732.2759,int16,flac,audio,high,no,1s,1.33,20.84,0.12,1.1,35.1379990403071,False,2
Neuropixels2.0,384,732.2759,int16,flac,audio,high,no,1s,2.045,48.17,0.17,1.58,15.201907826447997,True,2
Neuropixels2.0,384,732.2759,int16,flac,audio,high,no,10s,1.33,25.82,1.2,1.19,28.360801704105345,False,2
Neuropixels2.0,384,732.2759,int16,flac,audio,high,no,10s,2.044,58.76,1.03,1.63,12.462149421375084,True,2
Neuropixels1.0,384,770.4136,int16,flac,audio,low,no,0.1s,1.88,16.14,0.12,1.13,47.73318463444857,False,-1
Neuropixels1.0,384,770.4136,int16,flac,audio,low,no,0.1s,3.251,44.53,0.18,2.0,17.30100157197395,True,-1
Neuropixels1.0,384,770.4136,int16,flac,audio,low,no,1s,1.879,19.5,0.13,1.2,39.50838974358975,False,-1
Neuropixels1.0,384,770.4136,int16,flac,audio,low,no,1s,3.248,54.17,0.18,1.75,14.222145098763152,True,-1
Neuropixels1.0,384,770.4136,int16,flac,audio,low,no,10s,1.878,24.79,1.2,1.2,31.077595804759984,False,-1
Neuropixels1.0,384,770.4136,int16,flac,audio,low,no,10s,3.244,60.19,1.15,1.74,12.799694301378969,True,-1
Neuropixels1.0,384,770.4136,int16,flac,audio,medium,no,0.1s,1.965,14.77,0.09,0.87,52.16070412999323,False,-1
Neuropixels1.0,384,770.4136,int16,flac,audio,medium,no,0.1s,3.456,42.54,0.16,1.46,18.11033380347908,True,-1
Neuropixels1.0,384,770.4136,int16,flac,audio,medium,no,1s,1.965,14.17,0.1,0.92,54.3693436838391,False,-1
Neuropixels1.0,384,770.4136,int16,flac,audio,medium,no,1s,3.455,49.72,0.16,1.5,15.495044247787613,True,-1
Neuropixels1.0,384,770.4136,int16,flac,audio,medium,no,10s,1.965,19.32,0.95,0.98,39.87648033126294,False,-1
Neuropixels1.0,384,770.4136,int16,flac,audio,medium,no,10s,3.454,59.32,0.95,1.54,12.987417397167905,True,-1
Neuropixels1.0,384,770.4136,int16,flac,audio,high,no,0.1s,1.966,20.56,0.09,0.89,37.47147859922179,False,-1
Neuropixels1.0,384,770.4136,int16,flac,audio,high,no,0.1s,3.462,43.09,0.16,1.49,17.879173822232534,True,-1
Neuropixels1.0,384,770.4136,int16,flac,audio,high,no,1s,1.966,19.71,0.1,0.93,39.08744799594114,False,-1
Neuropixels1.0,384,770.4136,int16,flac,audio,high,no,1s,3.462,48.89,0.17,1.55,15.758101861321332,True,-1
Neuropixels1.0,384,770.4136,int16,flac,audio,high,no,10s,1.966,24.05,0.96,0.97,32.03382952182952,False,-1
Neuropixels1.0,384,770.4136,int16,flac,audio,high,no,10s,3.46,59.59,0.94,1.52,12.92857190803826,True,-1
Neuropixels1.0,384,770.4136,int16,flac,audio,low,no,0.1s,1.88,13.87,0.12,1.1,55.54532083633742,False,2
Neuropixels1.0,384,770.4136,int16,flac,audio,low,no,0.1s,3.251,42.78,0.18,1.72,18.008733052828422,True,2
Neuropixels1.0,384,770.4136,int16,flac,audio,low,no,1s,1.879,14.38,0.12,1.15,53.57535465924895,False,2
Neuropixels1.0,384,770.4136,int16,flac,audio,low,no,1s,3.248,49.64,0.19,1.75,15.520016116035457,True,2
Neuropixels1.0,384,770.4136,int16,flac,audio,low,no,10s,1.878,19.02,1.21,1.2,40.505446898002106,False,2
Neuropixels1.0,384,770.4136,int16,flac,audio,low,no,10s,3.244,57.48,1.14,1.72,13.403159359777314,True,2
Neuropixels1.0,384,770.4136,int16,flac,audio,medium,no,0.1s,1.965,14.13,0.09,0.88,54.523255484784144,False,2
Neuropixels1.0,384,770.4136,int16,flac,audio,medium,no,0.1s,3.456,42.88,0.16,1.47,17.966735074626865,True,2
Neuropixels1.0,384,770.4136,int16,flac,audio,medium,no,1s,1.965,14.46,0.1,0.93,53.27894882434301,False,2
Neuropixels1.0,384,770.4136,int16,flac,audio,medium,no,1s,3.455,47.77,0.16,1.5,16.127561230898053,True,2
Neuropixels1.0,384,770.4136,int16,flac,audio,medium,no,10s,1.965,18.65,0.97,0.97,41.309040214477214,False,2
Neuropixels1.0,384,770.4136,int16,flac,audio,medium,no,10s,3.454,53.06,0.94,1.51,14.519668300037692,True,2
Neuropixels1.0,384,770.4136,int16,flac,audio,high,no,0.1s,1.966,19.84,0.09,0.87,38.83133064516129,False,2
Neuropixels1.0,384,770.4136,int16,flac,audio,high,no,0.1s,3.462,41.13,0.16,1.47,18.73118405057136,True,2
Neuropixels1.0,384,770.4136,int16,flac,audio,high,no,1s,1.966,19.13,0.1,0.92,40.27253528489284,False,2
Neuropixels1.0,384,770.4136,int16,flac,audio,high,no,1s,3.462,46.43,0.16,1.5,16.59301313805729,True,2
Neuropixels1.0,384,770.4136,int16,flac,audio,high,no,10s,1.966,22.98,0.95,0.96,33.52539599651871,False,2
Neuropixels1.0,384,770.4136,int16,flac,audio,high,no,10s,3.46,59.77,1.19,3.11,12.889636941609504,True,2
